date,price,r,sigma
2020-01-08,1.0145577491745499,0.006311292942039476,0.004267744606866844
2020-01-09,1.0038062529405558,-0.0106537749547523,0.007341143393740173
2020-01-10,1.003976010118807,0.0001690991914603267,0.0069161562540316366
2020-01-13,0.9964525934854406,-0.007521840161136558,0.007227859671739712
2020-01-14,0.9949937759457009,-0.00146508369301328,0.006660513291075801
2020-01-15,0.9805476611270189,-0.014625228350483669,0.006197471939613973
2020-01-16,0.9816317106024369,0.0011049444320228947,0.00659683885809655
2020-01-17,0.9888473753529515,0.0073237996330530125,0.008387097541126794
2020-01-20,0.9913941911008529,0.0025722287576086197,0.008251345402945802
2020-01-21,0.9967863661833232,0.0054242440744260425,0.008719905968150893
2020-01-22,1.0073281655783157,0.010520253662680385,0.0037537244242488157
2020-01-23,1.014165009582439,0.006764178238066672,0.0028936707065723836
2020-01-24,1.0177689576140407,0.0035473119392162374,0.0031160405814295565
2020-01-27,1.0406490169892508,0.022231638096889394,0.007457738386496001
2020-01-28,1.056610709673431,0.015221768364419021,0.00734046118851373
2020-01-29,1.058089350374423,0.0013984403461283872,0.008701068735342087
2020-01-30,1.0483117276283767,-0.009283790323525309,0.012322238632023834
2020-01-31,1.0492241121584667,0.0008699585202090601,0.012545463713356953
2020-02-03,1.067641792948238,0.0174013342010419,0.011093454336625383
2020-02-04,1.0835376283286806,0.014778985472580004,0.010993990939908625
2020-02-05,1.1072282997328158,0.021628595394137393,0.012882389684946902
2020-02-06,1.1232263595549672,0.014345356994377412,0.007789386945139398
2020-02-07,1.1089306850068752,-0.01280901811198476,0.013658896072032205
2020-02-10,1.113387343217902,0.004010824849404155,0.013417538519775202
2020-02-11,1.0998840199000297,-0.012202291225210899,0.015474156115401306
2020-02-12,1.0753731443637629,-0.022537025404406708,0.014767565772019327
2020-02-13,1.0826851451111459,0.006776488627854914,0.012375554002078357
2020-02-14,1.085595871597011,0.002684825640110518,0.012605263386479458
2020-02-17,1.083012799061214,-0.002382240551132873,0.01185959289467371
2020-02-18,1.0851613989208029,0.00198194459182819,0.011557781165515018
2020-02-19,1.0970989207364132,0.01094062040336008,0.005060047574552963
2020-02-20,1.0921604971002312,-0.004511509209202483,0.0059514041583038305
2020-02-21,1.088071141586707,-0.0037513081055399636,0.006377479308503319
2020-02-24,1.0717826938080262,-0.015083202683881572,0.00953709373163841
2020-02-25,1.0503186686121186,-0.02022971905920999,0.012019333853807426
2020-02-26,1.0490121943291422,-0.0012446579762172417,0.008230220830645854
2020-02-27,1.0431126469827168,-0.005639781018061539,0.008091926820026657
2020-02-28,1.0561290165151545,0.012401179505111076,0.0127114870268974
2020-03-02,1.0626289747261748,0.00613564987548154,0.01244306207996969
2020-03-03,1.0590599711013238,-0.003364307476081603,0.007456068955055566
2020-03-04,1.065519822820205,0.006081081674805211,0.0074629486561708916
2020-03-05,1.0593188095236943,-0.005836707603438851,0.0075210469846888625
2020-03-06,1.0516217887470072,-0.007292535748551153,0.006510267183240977
2020-03-09,1.0511153278584093,-0.000481715849681828,0.005292488762514044
2020-03-10,1.0428149803343985,-0.007928048958743529,0.005906020230086254
2020-03-11,1.0366455967465114,-0.005933655830732767,0.0029407933414084785
2020-03-12,1.0535066771390638,0.016134179660575936,0.010071410073845807
2020-03-13,1.047580248040945,-0.005641313307109292,0.009842066569793115
2020-03-16,1.0450519499697541,-0.002416381917282237,0.00986589513958913
2020-03-17,1.036404835363736,-0.008308761837764656,0.009932460910923507
2020-03-18,1.04166231128942,0.005059978116275477,0.00984825661849124
2020-03-19,1.0383127049073293,-0.0032208168383245704,0.005011671770943682
2020-03-20,1.0461510506591944,0.007520766601861223,0.006462209991414643
2020-03-23,1.0436817080830219,-0.002363197452097129,0.006457842327608231
2020-03-24,1.0356979298828322,-0.007679037811484675,0.006264945832916536
2020-03-25,1.0437390402437408,0.007733968913208461,0.00690124680547538
2020-03-26,1.05436250782144,0.010126829538916948,0.007688013367647003
2020-03-27,1.052724538958199,-0.001554723802874044,0.007441258376475969
2020-03-30,1.0420571121895075,-0.010184850506735284,0.009041536963278017
2020-03-31,1.0417601001657177,-0.00028506533494401814,0.008089876543067129
2020-04-01,1.0677597675743915,0.024651091850961003,0.013350245766570441
2020-04-02,1.07297319392727,0.004870702468232504,0.013003841699954107
2020-04-03,1.0846343617255756,0.01080945541986131,0.01297802939698622
2020-04-06,1.083576693449193,-0.0009756138432658585,0.010535364092888494
2020-04-07,1.0870780934527808,0.0032261261086414797,0.009961962901609424
2020-04-08,1.0906806931721575,0.0033085418163004733,0.004261848336663637
2020-04-09,1.0863873416991838,-0.003944164325572181,0.005564037407337812
2020-04-10,1.0737319553023157,-0.0117174372832672,0.006219900248334708
2020-04-13,1.0598590692950403,-0.013004443079144359,0.007832066771399613
2020-04-14,1.0627699911286503,0.002742753044057659,0.007716120621316126
2020-04-15,1.0688409552148683,0.005696143108592681,0.008368266569506634
2020-04-16,1.0969759744898797,0.025982438007861177,0.015832354696130285
2020-04-17,1.1211013762857447,0.021754293847373422,0.015689729318672734
2020-04-20,1.127926029904471,0.0060690008023063634,0.010609655199382883
2020-04-21,1.135550639399769,0.00673710353444259,0.009816864200949637
2020-04-22,1.1509864704412966,0.013501696924141344,0.008892903959854679
2020-04-23,1.158847717259474,0.006806789173469945,0.006744997067994956
2020-04-24,1.14995029179714,-0.007707447315150369,0.007764497621795066
2020-04-27,1.1338226848403758,-0.01412388641169193,0.011483335548463496
2020-04-28,1.1391624258548652,0.004698447704247222,0.011264719635125047
2020-04-29,1.1351228434249487,-0.003552401040119755,0.008680347250906741
2020-04-30,1.1302981802709842,-0.0042594029081481875,0.006842493643603746
2020-05-01,1.1402520183470068,0.008767832438745397,0.008872011444325478
2020-05-04,1.1472866031241615,0.006150372182509579,0.005909072510317005
2020-05-05,1.17169200983334,0.021049187492555424,0.010368038568701329
2020-05-06,1.1473030318926805,-0.021034867922495048,0.015776527943592092
2020-05-07,1.1475642574809404,0.00022766073715700837,0.015446047344458494
2020-05-08,1.1562442995821312,0.007535420551729517,0.015341111926134594
2020-05-11,1.1354186224884641,-0.018175666422743975,0.017685434822757723
2020-05-12,1.1299804393005946,-0.004801091097503991,0.01214407258503155
2020-05-13,1.106573857885755,-0.02093169483365316,0.01211484622956198
2020-05-14,1.0979948568152968,-0.007782968450019697,0.011390213599596178
2020-05-15,1.1109835712875784,0.01176006429095359,0.012956776582881278
2020-05-18,1.1348173789246792,0.021226015133551136,0.016662440110131488
2020-05-19,1.1318764102623016,-0.0025949427546974667,0.016535755897278792
2020-05-20,1.1307911861830044,-0.0009592431201259091,0.011867351348770068
2020-05-21,1.1343830020293595,0.003171340089787404,0.009924211997129853
2020-05-22,1.142797826721909,0.007390597082494352,0.00953214041464605
2020-05-25,1.1467614945816345,0.003462388401639,0.003949543228166189
2020-05-26,1.1519197853825816,0.004488051044183403,0.003004442837857221
2020-05-27,1.1669995793354826,0.013006063732678336,0.00410135149094754
2020-05-28,1.1700765788868257,0.002633205870037441,0.0042097284423334765
2020-05-29,1.1621271286332795,-0.006817141242334714,0.0070432913319465286
2020-06-01,1.1614629473929374,-0.0005716853977679045,0.0072556953861675
2020-06-02,1.1677021278361295,0.005357452275729672,0.007323916954192448
2020-06-03,1.1666182058752532,-0.0009286832000949338,0.004562822400466362
2020-06-04,1.1683412605344303,0.0014758757029653593,0.0044187847938042335
2020-06-05,1.1669078633579595,-0.001227618365699726,0.0027480021169561226
2020-06-08,1.1610325743178331,-0.005047639037129202,0.003830835170722212
2020-06-09,1.1538372057513016,-0.006216670848399747,0.003167728772141696
2020-06-10,1.1395063163274504,-0.012497975837540106,0.005325138638546483
2020-06-11,1.1350998853026784,-0.0038744610243788696,0.004189666953543116
2020-06-12,1.1288438809669399,-0.005526656936026417,0.00338814745346088
2020-06-15,1.113418913038553,-0.013758611432112556,0.004444336163559058
2020-06-16,1.1297748609182081,0.014582991383211268,0.011345583927580302
2020-06-17,1.1395967948805081,0.008656136394276917,0.011428537174505865
2020-06-18,1.132336361515204,-0.0063914363508901055,0.011695060525130037
2020-06-19,1.1232398072811083,-0.008065880174807957,0.012019223114597147
2020-06-22,1.1227513406849812,-0.0004349675235993338,0.009743670423446663
2020-06-23,1.1342205658561686,0.010163461817868046,0.008385075617745966
2020-06-24,1.134051326802166,-0.000149222899480868,0.0071529231280920555
2020-06-25,1.1396775772065761,0.004948929379942435,0.00679531875334701
2020-06-26,1.158285093333334,0.016195148046733627,0.00709748740833305
2020-06-29,1.1445139412983991,-0.011960501976234255,0.010717221399175351
2020-06-30,1.1378286141944247,-0.005858319740706405,0.010748872854426385
2020-07-01,1.1288471186622349,-0.007924858776792065,0.011431539232845392
2020-07-02,1.1263272403632127,-0.002234753457223778,0.010950852504143384
2020-07-03,1.1276517293779773,0.0011752453638603586,0.005071243568709559
2020-07-06,1.1373199233231204,0.008537195293097917,0.00648903846531038
2020-07-07,1.1486541361305742,0.009916390467678926,0.007457613448889216
2020-07-08,1.143328625839224,-0.004647085452465193,0.00645546414204158
2020-07-09,1.1384443026028659,-0.004281171571138967,0.006885184838676151
2020-07-10,1.1609433801737126,0.01957024978464886,0.010305659553537324
2020-07-13,1.156724892210304,-0.003640290262578789,0.010923148001362357
2020-07-14,1.1839056833711694,0.023226230863544573,0.014079084062115488
2020-07-15,1.2015218688415916,0.014770103337849628,0.013031317487925671
2020-07-16,1.2181858262838687,0.013773747074307877,0.010330986717514009
2020-07-17,1.2182832787397537,7.999482179855365e-05,0.011132736450688638
2020-07-20,1.212431974717361,-0.004814480278144415,0.011489626037302296
2020-07-21,1.2148908849677658,0.0020260272190011836,0.008684310121200974
2020-07-22,1.2057787491521286,-0.007528643088811128,0.008233854024823566
2020-07-23,1.2008044694482034,-0.004133899670967856,0.0038650635547412015
2020-07-24,1.2064383791062705,0.00468080729620302,0.005095886578393369
2020-07-27,1.208225067393948,0.0014798655409622254,0.004988938815117101
2020-07-28,1.2043892316590172,-0.0031798194751044427,0.004819399805639929
2020-07-29,1.2029510445794829,-0.0011948350341909407,0.003592542927581806
2020-07-30,1.1997460400282667,-0.0026678406301673557,0.0032634603234183612
2020-07-31,1.203261020042524,0.002925486636779315,0.002646404436322287
2020-08-03,1.1822909384881244,-0.017581358174353547,0.007780666107535515
2020-08-04,1.169091810642186,-0.011226812382472749,0.008295957820136155
2020-08-05,1.1662064927621012,-0.002471049924581769,0.008131109831486847
2020-08-06,1.1915616595347054,0.02150859848021973,0.015025467249554959
2020-08-07,1.2129444883721554,0.01778609927830022,0.017373594332929565
2020-08-10,1.2035972177066991,-0.0077361108723202005,0.015059538962500599
2020-08-11,1.1920999818001305,-0.009598311653506296,0.014672084388859292
2020-08-12,1.173581674438202,-0.015656109577738372,0.017088778484261647
2020-08-13,1.168534430292974,-0.004309992957377476,0.012804760533115814
2020-08-14,1.188507072056511,0.01694761826591303,0.012450285200700607
2020-08-17,1.1911467352946385,0.002218528016676793,0.01251335515918286
2020-08-18,1.1765793448349113,-0.012305117887377894,0.0129701654811193
2020-08-19,1.1685557203177377,-0.006842809136738954,0.011239170004365485
2020-08-20,1.161160306516425,-0.006348789772464504,0.011431048743667615
2020-08-21,1.1713379753939266,0.008726894720150187,0.008325857627501975
2020-08-24,1.1894603135992816,0.015353022123461298,0.011726248441400439
2020-08-25,1.20566771060678,0.013533843893524505,0.010757342621451758
2020-08-26,1.1879818785875045,-0.014777563052888952,0.013222665084444246
2020-08-27,1.18700612165913,-0.0008216942428122995,0.012421380651628048
2020-08-28,1.1920803769940245,0.0042657238668675785,0.01219122915446663
2020-08-31,1.2002484158763749,0.006828551866037342,0.010615294760899799
2020-09-01,1.1738386837020613,-0.022249244044149505,0.012607023983448231
2020-09-02,1.1617339605523804,-0.010365621949767269,0.011917845292835563
2020-09-03,1.161151482015018,-0.0005015129363651679,0.01194317178365217
2020-09-04,1.1815094701422522,0.01738066329827019,0.015293589818704939
2020-09-07,1.1645849794684173,-0.014428050218778713,0.015256244868169023
2020-09-08,1.158492417979252,-0.005245262568058327,0.01235749284730152
2020-09-09,1.1498458956416757,-0.007491590575134753,0.011968552239373223
2020-09-10,1.156833302408401,0.00605843079098908,0.01252817875090626
2020-09-11,1.1734681949109858,0.014277272784532894,0.011434846410615238
2020-09-14,1.1872382734986069,0.01166619818887684,0.009824123002502039
2020-09-15,1.1878720870078645,0.0005337129043279479,0.008769455972934295
2020-09-16,1.2031147897123322,0.012750307710406746,0.005686332847799279
2020-09-17,1.229017153427307,0.021300935724557123,0.0074797669527923065
2020-09-18,1.2151374235777266,-0.011357611487872427,0.012631000639563572
2020-09-21,1.2195823020106527,0.003651248498402219,0.012393751017443617
2020-09-22,1.2265759752424445,0.005718102833044335,0.012100794234508078
2020-09-23,1.2382941290274139,0.00950820251912811,0.011758303762215663
2020-09-24,1.2333890997699157,-0.00396898408287753,0.008346564310686215
2020-09-25,1.247625321637805,0.011476255835127637,0.006013728231643176
2020-09-28,1.230858635826983,-0.013529998075250012,0.010448439743862283
2020-09-29,1.239437802788163,0.0069458882093091,0.01057599565110625
2020-09-30,1.2370882953577162,-0.0018974224718240832,0.009774633866222425
2020-10-01,1.2425944887033376,0.004441053856469282,0.009686016639301222
2020-10-02,1.2342223091927222,-0.00676046076918168,0.008321675828796072
2020-10-05,1.2226546988755256,-0.00941658516570803,0.00701783155061801
2020-10-06,1.222863578667515,0.00017082660507220768,0.005510898390462776
2020-10-07,1.2291473721795427,0.005125431651231639,0.006559421894329604
2020-10-08,1.2627277619123694,0.026953535706648508,0.014452522086040745
2020-10-09,1.255873570957287,-0.005442868457822775,0.01423555780640537
2020-10-12,1.2498307945734326,-0.004823225103211653,0.013313752468811894
2020-10-13,1.2389943678490476,-0.008708120896828446,0.014552799678980278
2020-10-14,1.2379415114895465,-0.0008501281213561826,0.014541066097279905
2020-10-15,1.2249291017412198,-0.010566962600005897,0.003754224863819405
2020-10-16,1.2073920339672635,-0.01442027650871366,0.005230763440249753
2020-10-19,1.2010843966286953,-0.005237877090641941,0.005173279602059077
2020-10-20,1.2024659260739041,0.001149574098202198,0.006518733012844237
2020-10-21,1.2032651075565413,0.0006643980568595592,0.00684406227686415
2020-10-22,1.2159572140756885,0.01049281238402916,0.009171058590806715
2020-10-23,1.205011495934332,-0.00904249004034398,0.007421001179231763
2020-10-26,1.1921689333534564,-0.010714825878159999,0.008621689122114279
2020-10-27,1.2036497840955682,0.009584146363256253,0.009984698924514406
2020-10-28,1.2089190585686904,0.00436819274009468,0.010163845732770302
2020-10-29,1.2387390951135473,0.024367383169145534,0.014425393111088427
2020-10-30,1.2382521178842507,-0.0003932006161469891,0.012957364264557908
2020-11-02,1.2271478945183352,-0.00900811097478681,0.012437364136222755
2020-11-03,1.2262674759766286,-0.0007177085381358233,0.012503509668365697
2020-11-04,1.2316369724074048,0.004369173078417624,0.012503522316539145
2020-11-05,1.2274032337168812,-0.003443410858669863,0.004895388879793879
2020-11-06,1.2268478337488553,-0.0004526024129067261,0.00489107419764364
2020-11-09,1.2293871505320741,0.002067650452125936,0.002969728297165136
2020-11-10,1.2369478005155339,0.006131100452691596,0.0038071237420761374
2020-11-11,1.2269798600391162,-0.00809114246048988,0.00539730679431564
2020-11-12,1.2189681755881587,-0.006551008432314356,0.005935944492473593
2020-11-13,1.2312103049529408,0.009992930176625496,0.007867443828084632
2020-11-16,1.2317555532553468,0.000442757506764459,0.007830813057694858
2020-11-17,1.2288160407339792,-0.002389293550290104,0.00716667474746351
2020-11-18,1.2363432561132077,0.00610689847289202,0.006603301956240552
2020-11-19,1.2334745817588963,-0.002322985606738219,0.005487773905286458
2020-11-20,1.2420530021288219,0.006930607247708038,0.004507023320802399
2020-11-23,1.2481161737134825,0.004869696103608888,0.004618583518831628
2020-11-24,1.2402907973562023,-0.0062894874064956235,0.005846301889942114
2020-11-25,1.2354763824826458,-0.0038892356126152086,0.005738661226881932
2020-11-26,1.2204841540115272,-0.012209002934723805,0.007954120184495914
2020-11-27,1.2100060607069059,-0.008622259127646846,0.006425299782567547
2020-11-30,1.214638995303172,0.0038215409906121674,0.006017657096780853
2020-12-01,1.2151955436842679,0.0004580957113734001,0.006514935274717234
2020-12-02,1.2164025183727998,0.0009927420213827031,0.006906281541426118
2020-12-03,1.2268213915085104,0.008528842772239064,0.006275343520494311
2020-12-04,1.2293800343482755,0.0020834152593004907,0.0032564169402087132
2020-12-07,1.2147211845487407,-0.01199543247889092,0.0074526279135223574
2020-12-08,1.2069588635291042,-0.006410712769378824,0.007965611060533069
2020-12-09,1.220890389676538,0.011476560202802778,0.0098877251525244
2020-12-10,1.2219123997686514,0.0008367520752471334,0.008923630984045304
2020-12-11,1.210572464793208,-0.009323813103391957,0.009444550310182527
2020-12-14,1.2127423366842498,0.0017908300396054467,0.008110452503495744
2020-12-15,1.2395497206248751,0.021863995975800073,0.011817386113315783
2020-12-16,1.2499776392387336,0.008377477403703907,0.011491099565344942
2020-12-17,1.242465003862705,-0.0060283498584810654,0.012440383792097508
2020-12-18,1.246454855505779,0.0032060936359263087,0.01033680544079879
2020-12-21,1.2471559774599914,0.0005623347183283113,0.010470903224693831
2020-12-22,1.2428869169379242,-0.003428908565736116,0.005644245641773439
2020-12-23,1.2554336249775215,0.010044198341324705,0.006240708022136262
2020-12-24,1.2682974388413701,0.010194370909228668,0.005968086786080326
2020-12-25,1.2841565808322992,0.012426743795676608,0.006959090145951482
2020-12-28,1.3097774333468273,0.019755079048734844,0.008384845711359095
2020-12-29,1.3088646623418545,-0.0006971331007336835,0.007330162319199063
2020-12-30,1.2928929970067196,-0.012277750706093838,0.012519525345070942
2020-12-31,1.2864400775142573,-0.005003567022010632,0.013044201721142935
2021-01-01,1.2804207187624845,-0.004690063282225743,0.012112256818461214
2021-01-04,1.2525458888271583,-0.022010519367242017,0.008418451309486487
2021-01-05,1.2503697838598555,-0.0017388564380009395,0.008172891206696344
2021-01-06,1.245989049071103,-0.003509703194743508,0.008272491048551512
2021-01-07,1.2605855730685678,0.011646722076417239,0.011989680735083786
2021-01-08,1.2660399262739055,0.0043175070302878945,0.012535717732767073
2021-01-11,1.2621979853458467,-0.0030392265440702293,0.006462971125652413
2021-01-12,1.2750248780786966,0.010111056616833912,0.007103162445059954
2021-01-13,1.2907612519488498,0.012266471473740135,0.0064608427137800755
2021-01-14,1.2805340771032114,-0.007954923467575427,0.0085812994645346
2021-01-15,1.2705001206202577,-0.00786661992749836,0.00980596355783877
2021-01-18,1.2557441894552062,-0.011682242230909466,0.011281438129305295
2021-01-19,1.2514417317807431,-0.003432104385528783,0.009409775837153163
2021-01-20,1.2460450870892696,-0.004321666925355493,0.003296831103344775
2021-01-21,1.248719301179666,0.0021438618630498165,0.005167640276109152
2021-01-22,1.233884714645278,-0.011950970032061128,0.005985831687931756
2021-01-25,1.2242565298962473,-0.007833751627273778,0.00525043285515372
2021-01-26,1.2180664043867502,-0.005069058376669533,0.005172531590218534
2021-01-27,1.2275084643054377,0.00772178922474378,0.007892750989621576
2021-01-28,1.2462185071101455,0.015127295625090187,0.011374819155633544
2021-01-29,1.2395055463125009,-0.005401224732317697,0.010007070645875365
2021-02-01,1.2481246437732554,0.006929592658343882,0.008899243208708246
2021-02-02,1.2391395364730347,-0.007224923236060256,0.00947379605311457
2021-02-03,1.2326207359913717,-0.005274634169007106,0.00978000758783986
2021-02-04,1.23203769007841,-0.0004731251338283956,0.005728070015371353
2021-02-05,1.2306755666216938,-0.0011061974770386796,0.005460439407698319
2021-02-08,1.2347394652427324,0.003296728744810579,0.004155907387216034
2021-02-09,1.243272668023603,0.0068871628156410986,0.00461933503885443
2021-02-10,1.2483057527795576,0.004040082832534231,0.003320157295671599
2021-02-11,1.2386763234589302,-0.007743905783730796,0.0057017486970253
2021-02-12,1.2421962726804854,0.002837672187625279,0.005596429729745074
2021-02-15,1.247887274630849,0.004570940493341539,0.005705947476612185
2021-02-16,1.234342811786735,-0.01091324881253023,0.00731339267532099
2021-02-17,1.2380507451860785,0.0029994708317006512,0.0071309246839272025
2021-02-18,1.2330500782667981,-0.004047324737280826,0.006505334537397996
2021-02-19,1.217747013310572,-0.012488397262442016,0.007782975012235709
2021-02-22,1.2237927031663096,0.004952368516712766,0.00788883792915134
2021-02-23,1.218751922746522,-0.004127488621992149,0.0069026091679932075
2021-02-24,1.2117518703394996,-0.00576018172190527,0.006222574639926415
2021-02-25,1.2170037144814598,0.004324726918041513,0.007332948322966391
2021-02-26,1.2037770177768037,-0.010927737610267675,0.006823378758993704
2021-03-01,1.2120322189342105,0.006834342020129212,0.0073551652292500784
2021-03-02,1.2129828073938038,0.0007839856643867251,0.007316394634200987
2021-03-03,1.212741386501823,-0.0001990505708649386,0.006807127505787057
2021-03-04,1.2109902749262853,-0.0014449717417901993,0.006402315595258515
2021-03-05,1.2013871585248281,-0.007961579306869061,0.005292620389641922
2021-03-08,1.1999804515594996,-0.0011715883235264026,0.0034470543908772504
2021-03-09,1.1910837306066484,-0.007441675615779744,0.0037376480654305066
2021-03-10,1.2000068255245764,0.007463654036523598,0.00623789764934503
2021-03-11,1.185762791334506,-0.0119409714500078,0.00757944815419752
2021-03-12,1.1948459145049495,0.0076309619679806725,0.008765189354892728
2021-03-15,1.2065452476631033,0.009743873390173375,0.010011154688824122
2021-03-16,1.219005030198316,0.010273868363296308,0.009349295727580935
2021-03-17,1.2121061933031376,-0.005675474940586422,0.010166066076504948
2021-03-18,1.208805296808202,-0.0027269882058901314,0.007488173101117039
2021-03-19,1.2185842813448158,0.008057245963511126,0.007544211161338454
2021-03-22,1.2250349439648422,0.005279609472023753,0.006923422237272475
2021-03-23,1.2382090073078345,0.010696617318824158,0.00703549747642114
2021-03-24,1.2316230655341867,-0.0053331215963551264,0.006929287419994004
2021-03-25,1.2372810359608648,0.004583394169286583,0.006087574220046581
2021-03-26,1.2355179777141054,-0.0014259618640696686,0.006238669459440314
2021-03-29,1.238441326832912,0.0023632971440160654,0.006078498565619661
2021-03-30,1.2419308915099192,0.0028137446093673777,0.003974410777318862
2021-03-31,1.2532887577871161,0.00910376344934075,0.0038276391199853505
2021-04-01,1.2615011393821371,0.0065312897890345304,0.00405917242416609
2021-04-02,1.254893815349211,-0.005251432574188493,0.005435744854067577
2021-04-05,1.2554743870409513,0.00046253908214585943,0.005566109571752707
2021-04-06,1.2515030557226619,-0.0031682252679659487,0.006155795186477096
2021-04-07,1.2391503256150893,-0.00991935006746971,0.006187442371829142
2021-04-08,1.2436047376513535,0.0035882853541818038,0.0052025954576314015
2021-04-09,1.2547494749955526,0.008921722317657216,0.007090757612794438
2021-04-12,1.2716358202635967,0.013368187961430997,0.009312525622212822
2021-04-13,1.2735908410683192,0.0015362256092233966,0.008813616767085216
2021-04-14,1.2700622145442388,-0.002774457609141973,0.006320866492130448
2021-04-15,1.2545197500951295,-0.012313057000466634,0.01005860148031413
2021-04-16,1.2644936485728278,0.007918934138618113,0.00988835579556642
2021-04-19,1.276384622874109,0.009359803847957985,0.008792122150243201
2021-04-20,1.2805996217832138,0.003296854672245026,0.008866649371108853
2021-04-21,1.2831962086109825,0.0020255807305691524,0.008598400707694269
2021-04-22,1.2733580749684137,-0.00769643912459973,0.006709929740463791
2021-04-23,1.275135210923508,0.0013946564057957331,0.0061178425006341115
2021-04-26,1.273921324710213,-0.00095242007235679,0.0043678721553104295
2021-04-27,1.2675132949691144,-0.005042855142810329,0.0041988112062387355
2021-04-28,1.2823345490407676,0.011625337589131037,0.007459490031017886
2021-04-29,1.2765210098527104,-0.004543866628495883,0.006761043392024607
2021-04-30,1.2692456555168514,-0.00571566455107901,0.007254569507566481
2021-05-03,1.2763866532877803,0.005610406874121827,0.007820222148437857
2021-05-04,1.2663753718152233,-0.007874376841773091,0.008393228753633932
2021-05-05,1.2736404882517254,0.005720544003729015,0.006524312217713312
2021-05-06,1.2829055045607864,0.0072481049795800655,0.007183886372082388
2021-05-07,1.3005780118557455,0.013681359174814275,0.007857893206481949
2021-05-10,1.3008950555424974,0.00024374166490103862,0.008095633843149005
2021-05-11,1.317982380416217,0.013049535745609252,0.005560931107637163
2021-05-12,1.3045361768899768,-0.0102545099759205,0.01000405114923509
2021-05-13,1.303797846393632,-0.0005661318753457494,0.010134280352081682
2021-05-14,1.3069630634270422,0.0024247479516815587,0.008320273476578818
2021-05-17,1.2951233829064357,-0.009100206678029538,0.009493479864800116
2021-05-18,1.2899042906738396,-0.004037944643591272,0.005425187107038211
2021-05-19,1.2900780132675436,0.00013466960118371823,0.004485955759743276
2021-05-20,1.280064523376417,-0.007792206397347662,0.004955716120798885
2021-05-21,1.2811961208591525,0.0008836254591355379,0.004509382470348535
2021-05-24,1.2867885008713813,0.0043554691142426655,0.004702540065447199
2021-05-25,1.2924204119100509,0.004367168523508728,0.004969913874283987
2021-05-26,1.2959716829097137,0.0027439994389212167,0.005072373812557423
2021-05-27,1.3159288798010158,0.015282040653696151,0.005638805937886213
2021-05-28,1.31700202472735,0.0008151713999894806,0.005652962060172509
2021-05-31,1.3087481610383902,-0.006286882064997298,0.007795261899117826
2021-06-01,1.3037193497932187,-0.0038498602838111322,0.008380446849100071
2021-06-02,1.3179831382640166,0.010881424782536108,0.009357177787260317
2021-06-03,1.312356625771848,-0.004278170562460532,0.006896396055320355
2021-06-04,1.3315995604677477,0.014556424630760113,0.009729374737990616
2021-06-07,1.3564063010533154,0.018457880042317926,0.010585919348245184
2021-06-08,1.3740185696009193,0.01290093201951651,0.008719040253526135
2021-06-09,1.392453150807826,0.013327339606999377,0.008813631848085358
2021-06-10,1.4133338230223131,0.014884278744527203,0.002191944779096529
2021-06-11,1.4007470999040097,-0.008945589980634286,0.010882736371286396
2021-06-14,1.3778142749507392,-0.0165073522655921,0.01473995738897057
2021-06-15,1.388577200469682,0.007781241317722282,0.014053520361948933
2021-06-16,1.3872785903843088,-0.0009356467179521988,0.012576852900094856
2021-06-17,1.3966014433490133,0.006697765495416548,0.010373425704372385
2021-06-18,1.4161108872073696,0.013872557477433612,0.011698551023850595
2021-06-21,1.401098297701735,-0.010657874958542521,0.009436034190837444
2021-06-22,1.3781229763142104,-0.016534016203737307,0.01238673725606556
2021-06-23,1.3880986772902142,0.007212541488321374,0.01300214221663514
2021-06-24,1.4034939327567153,0.01102984116641362,0.013677012740974902
2021-06-25,1.4104574737568534,0.004949307368076706,0.012061690003134949
2021-06-28,1.4160754752877054,0.003975194367219762,0.010778892327252017
2021-06-29,1.4239730855385773,0.0055616165983397095,0.002769322496374723
2021-06-30,1.4148323360485566,-0.006439878556626066,0.006355695320265816
2021-07-01,1.4075651382241652,-0.0051496743110193465,0.005863926924461793
2021-07-02,1.422310205804871,0.010421095793849103,0.007233918352988051
2021-07-05,1.4331580344142896,0.007597969848096729,0.007689175949857692
2021-07-06,1.443975912623222,0.007519934342121653,0.007936491073356663
2021-07-07,1.4371798682569856,-0.004717590777657526,0.007458752395604066
2021-07-08,1.4344914462783966,-0.0018723749827502538,0.006648798144901254
2021-07-09,1.450519445078195,0.011111336703290814,0.006825715840244191
2021-07-12,1.47148263319259,0.014348756244476709,0.008251854381328971
2021-07-13,1.4249606398470696,-0.03212629433082413,0.018385209095101582
2021-07-14,1.4151632011313648,-0.006899331246134849,0.018472196390528394
2021-07-15,1.4462547831904933,0.02173244589266408,0.021610227198012612
2021-07-16,1.4153963708098152,-0.021567694243351254,0.022928596891369044
2021-07-19,1.4387643639793242,0.016375052073755926,0.023367627671931814
2021-07-20,1.3889869250376594,-0.03521001414805099,0.02430119619260604
2021-07-21,1.4087025746893274,0.014094470480297825,0.0256895829330107
2021-07-22,1.4219923908963839,0.00938985939128847,0.023466095037627796
2021-07-23,1.3712883372078917,-0.03630829030873793,0.026984001994046207
2021-07-26,1.379905366352647,0.006264231640033047,0.025175180793077633
2021-07-27,1.4009210457950274,0.015114988449187497,0.021553308811919955
2021-07-28,1.4038419000626976,0.0020827823099048427,0.020470182466949448
2021-07-29,1.4108831350190947,0.005003152745917262,0.02001912825719996
2021-07-30,1.392650751737934,-0.013006898480434619,0.010228157967921765
2021-08-02,1.3476182283306517,-0.03287018776246641,0.018677184682055318
2021-08-03,1.367161239724039,0.014397743330234428,0.018488412011303166
2021-08-04,1.400756965658208,0.024276277953739128,0.022750411812539936
2021-08-05,1.4405155619019208,0.0279882983523037,0.026187788161301344
2021-08-06,1.4079991872785405,-0.022831398090603146,0.028096583307611438
2021-08-09,1.3646026946710763,-0.03130636042483151,0.027613246569876494
2021-08-10,1.331049080076815,-0.024895906772642508,0.028941893540386704
2021-08-11,1.293902838730624,-0.02830430605034803,0.02473040426732653
2021-08-12,1.2946487512300615,0.0005763165184547197,0.012678947211762751
2021-08-13,1.3020480375193362,0.005699014492537733,0.017391187226620173
2021-08-16,1.2679161433011457,-0.026563717497021123,0.016426100142157167
2021-08-17,1.2723533292526572,0.003493480130528918,0.01691886777140951
2021-08-18,1.2815323155573786,0.007188282566685405,0.013998753156389456
2021-08-19,1.269979090314294,-0.009056047466593938,0.014229985319153059
2021-08-20,1.2702939594323346,0.0002479017912538163,0.013506110984136014
2021-08-23,1.251283868166692,-0.015078219059898153,0.009198228738702642
2021-08-24,1.2377921742030773,-0.010840830787337602,0.009040780028478764
2021-08-25,1.2337336548120976,-0.003284224660984666,0.006098407003940701
2021-08-26,1.236710823311715,0.0024102301972217383,0.00742637496401802
2021-08-27,1.2462305047978204,0.007668105584776433,0.009315562656226269
2021-08-30,1.2543564012093222,0.0064992142404418215,0.00764780420222582
2021-08-31,1.2416965118161163,-0.010144014084464435,0.007391758242661157
2021-09-01,1.250404024618926,0.006988119548600728,0.007459147202886539
2021-09-02,1.2545858483108465,0.0033387979902640597,0.007462175553392577
2021-09-03,1.2488125211526933,-0.004612400058921843,0.0075089893197978945
2021-09-06,1.2521782407124924,0.0026915106148780624,0.006906459896803922
2021-09-07,1.2439994708952153,-0.006553058339830412,0.005717423474816014
2021-09-08,1.2417459697200348,-0.0018131396366825572,0.004365785709904949
2021-09-09,1.2484181027860248,0.005358802744357661,0.004965070027801134
2021-09-10,1.2442394996730666,-0.0033527324595863175,0.004762880165522194
2021-09-13,1.251452672459999,0.0057805148830093935,0.0054665984134768955
2021-09-14,1.2555991348662037,0.0033078424425916184,0.004194423970827213
2021-09-15,1.2553858105183062,-0.00016991288522277075,0.003888239374342996
2021-09-16,1.2477113951569458,-0.006131954756693006,0.004826038806146026
2021-09-17,1.2511664997204528,0.0027653266070854416,0.004568052426443878
2021-09-20,1.2397635265823317,-0.00915565886889952,0.005532437273199161
2021-09-21,1.2418929642709144,0.0017161425999582737,0.0051950273996020264
2021-09-22,1.2430722067208155,0.0009491018644352378,0.0053265296370007
2021-09-23,1.24079418918306,-0.0018342517779598186,0.004808905504947283
2021-09-24,1.2280566971037787,-0.010318650808815052,0.005656774909519014
2021-09-27,1.2556583273741337,0.02222699975397568,0.011992355136644496
2021-09-28,1.2664886598957728,0.008588237834437249,0.012263925599313429
2021-09-29,1.2646989561118056,-0.0014141220278529212,0.012451264516256484
2021-09-30,1.2589328035437468,-0.0045697337420836665,0.012796779252899862
2021-10-01,1.2500444823253292,-0.007085244216251221,0.012019725042526873
2021-10-04,1.2637639527589806,0.010915395509121247,0.008026611014355594
2021-10-05,1.286302375868407,0.01767719510660737,0.01068312017717246
2021-10-06,1.2971738799389865,0.008416232367382282,0.010547294840251317
2021-10-07,1.296283585513222,-0.0006865695486402061,0.009774630107620084
2021-10-08,1.3069359225323676,0.00818401709290847,0.006590712091463773
2021-10-11,1.3004923919197047,-0.004942451298645227,0.008818263663227032
2021-10-12,1.271943777386156,-0.022196691997087396,0.012551904592525793
2021-10-13,1.2816958429749772,0.007637814607223169,0.012390400048469767
2021-10-14,1.288291435681966,0.0051327936462136495,0.012856236097374348
2021-10-15,1.3199030065827884,0.024241382010583623,0.0171022858367907
2021-10-18,1.3306681782650946,0.008122951714246835,0.016776242145499234
2021-10-19,1.3273391954155922,-0.0025048723514280885,0.00976112886841313
2021-10-20,1.3119332182599162,-0.011674544889912503,0.01335850646306127
2021-10-21,1.2941731328000285,-0.013629804781429526,0.015635041573935714
2021-10-22,1.2846593831778863,-0.0073783719758177616,0.008692880814681905
2021-10-25,1.3016686636162547,0.013153417017936684,0.01070855643261215
2021-10-26,1.3058705348659094,0.0032228661330366585,0.011255289954652786
2021-10-27,1.3062025812618767,0.00025423974214623375,0.010245036163043742
2021-10-28,1.2923671585262613,-0.01064859123048867,0.009366252483032115
2021-10-29,1.3107448648820725,0.014120031353168227,0.010190852275404762
2021-11-01,1.3244952457612502,0.010435865495878929,0.00963954123153412
2021-11-02,1.3284828883300361,0.0030061654263793818,0.009641455789195194
2021-11-03,1.3396544754790398,0.00837412090191604,0.009655898966604784
2021-11-04,1.327787353285925,-0.00889781389753852,0.008949887080380045
2021-11-05,1.3521486893655144,0.018181036219992255,0.010054317180000957
2021-11-08,1.314648739553652,-0.02812543717791093,0.017810026969507127
2021-11-09,1.313440917158267,-0.0009191638324340361,0.017647933460397173
2021-11-10,1.3603065529510783,0.035059733024669505,0.024413025209228705
2021-11-11,1.3367204243154789,-0.01749091139535258,0.02573208077467706
2021-11-12,1.322816579519702,-0.010455933831425445,0.024187437251604032
2021-11-15,1.3245235527900134,0.0012895762701873232,0.02022221134119886
2021-11-16,1.3211282236120332,-0.002566725577661525,0.020284743847842072
2021-11-17,1.3432052137679626,0.01657262198064005,0.012904940669081053
2021-11-18,1.362499071808115,0.014261857937502528,0.011430850348879144
2021-11-19,1.3708945399708703,0.0061429093322262545,0.008202703623779352
2021-11-22,1.3865326402463307,0.011342651619778158,0.00762165303780306
2021-11-23,1.3941410524849354,0.005472365380931038,0.004890441206591546
2021-11-24,1.443862049936382,0.03504300997577043,0.012076513541079437
2021-11-25,1.4579306909015652,0.009696592730006453,0.01226563527541603
2021-11-26,1.4543278904643169,-0.0024742324038649413,0.014041566691313507
2021-11-29,1.4218735085674516,-0.022568488711093262,0.020861109460321523
2021-11-30,1.3941864110591187,-0.019664346980174455,0.023580613318365768
2021-12-01,1.4141346897926383,0.014206790131344021,0.01666915702273352
2021-12-02,1.3965953388673151,-0.01248044344978664,0.01491870405515235
2021-12-03,1.358969587152659,-0.027310617862602093,0.016429055287278133
2021-12-06,1.3497900441865471,-0.006777698545184869,0.01576975282221904
2021-12-07,1.3611977903232757,0.00841598278271917,0.016624891790663843
2021-12-08,1.3565742200977808,-0.0034024742828240484,0.013082491435828836
2021-12-09,1.3570073327512087,0.0003192184562508391,0.01331294256101305
2021-12-10,1.3394047476453992,-0.013056487393153146,0.00801339653270764
2021-12-13,1.3465412382225812,0.005313961939806907,0.008367438775589826
2021-12-14,1.3536417004342451,0.0052592574202612215,0.007613332667924027
2021-12-15,1.333906624578024,-0.014686567978330418,0.009815528006234593
2021-12-16,1.335428008564071,0.0011398976598092478,0.009899150267870915
2021-12-17,1.3398674105558848,0.0033188155856844863,0.00842441848607192
2021-12-20,1.3535857175636918,0.010186496648038139,0.009407289599385166
2021-12-21,1.3641565802607634,0.007779189376529859,0.009750831724079858
2021-12-22,1.3897344123193158,0.018576310867054864,0.006809223229615063
2021-12-23,1.399077376944743,0.006700344293891823,0.0057376108555718015
2021-12-24,1.4100906985702881,0.007841024642084577,0.00484339898689616
2021-12-27,1.3798911945155836,-0.021649376041659753,0.015054680986775516
2021-12-28,1.3627101759987936,-0.012529158234219937,0.016408121564736824
2021-12-29,1.3552147618409327,-0.005515555676478472,0.01260893581612387
2021-12-30,1.3423772861993122,-0.009517801300966525,0.010791861883858347
2021-12-31,1.332889670454099,-0.007092866375392921,0.006382569861932143
2022-01-03,1.3477447182731734,0.011083346500448458,0.009219691664129122
2022-01-04,1.3648233887488637,0.012592418313741255,0.01063306167495224
2022-01-05,1.3873314767580514,0.016357066335488567,0.012043057485648191
2022-01-06,1.375264006947586,-0.00873638332870003,0.011815600533482979
2022-01-07,1.3911490654279581,0.011484353677435478,0.009888611700156655
2022-01-10,1.380283931688008,-0.007840845812164429,0.012062220917264384
2022-01-11,1.3746577085463834,-0.0040844647169594,0.011657834422607862
2022-01-12,1.3866476088801023,0.008684281025513052,0.009509792368825416
2022-01-13,1.3428309627102812,-0.0321089977379857,0.01733884722376668
2022-01-14,1.3732075349482467,0.022369225555326708,0.02031777668203209
2022-01-17,1.3779368130114458,0.0034380476801315414,0.02021577632808062
2022-01-18,1.375594246366733,-0.0017015004801916383,0.020133363062845477
2022-01-19,1.4009017121775424,0.01823029248562526,0.021549421370350333
2022-01-20,1.4024276085111522,0.0010886316302874664,0.010856856715311024
2022-01-21,1.3969854955982794,-0.003888043362039075,0.008723771021583459
2022-01-24,1.4033739856518577,0.004562629318909987,0.008738402761972245
2022-01-25,1.421313436553826,0.01270207242058735,0.008902325135694332
2022-01-26,1.42860074199521,0.005114063699669393,0.006081645733176238
2022-01-27,1.421447589484159,-0.005019681562582297,0.00728584544287447
2022-01-28,1.4377817477811463,0.011425691378352865,0.007041747772597798
2022-01-31,1.4519220936447812,0.009786787507905893,0.007205893710903329
2022-02-01,1.4485804133909563,-0.002304208821912161,0.007258920440904445
2022-02-02,1.4644759906659646,0.010913441305429207,0.00795156083889574
2022-02-03,1.498381027180743,0.022887717083163908,0.008929320191539428
2022-02-04,1.511592655080229,0.008778623429544356,0.00894228192206145
2022-02-07,1.505125927920262,-0.004287265707596207,0.011007649578430624
2022-02-08,1.5085221680605696,0.002253907204763708,0.010181764089859147
2022-02-09,1.5358506105289569,0.017953896283400817,0.011110949128530879
2022-02-10,1.5340847675278122,-0.0011504106623977934,0.00884988813811413
2022-02-11,1.5273445056802488,-0.004403350289619554,0.009287384760967214
2022-02-14,1.5047281511774502,-0.014918358834993699,0.011944443118208957
2022-02-15,1.5051705175241417,0.00029394102497638146,0.011881810419368036
2022-02-16,1.4939486315704804,-0.00748348949607194,0.006048260224944015
2022-02-17,1.4956973045340232,0.0011698195708349842,0.006537712177461502
2022-02-18,1.5053341146381696,0.006422354105584224,0.008353446178343599
2022-02-21,1.5009243237717749,-0.002933742470652061,0.005148535238583508
2022-02-22,1.4803131067175723,-0.013827510179374962,0.007793635230766716
2022-02-23,1.4620115308248125,-0.012440375676054605,0.00871480398002238
2022-02-24,1.4773492592709494,0.010436192593636862,0.010888758479571065
2022-02-25,1.4924127668426344,0.010144675988664316,0.011742390053356496
2022-02-28,1.4974393083963304,0.0033624046694919517,0.01191654891210723
2022-03-01,1.4865865939435228,-0.007273906232128696,0.010334772822928794
2022-03-02,1.4993012343935055,0.008516540494373726,0.007444956654219949
2022-03-03,1.4971649603102952,-0.0014258625369586648,0.007179649459577736
2022-03-04,1.5037627565980483,0.00439717816685214,0.006054646338642839
2022-03-07,1.5324947422704138,0.01892648654219919,0.009974033372076384
2022-03-08,1.5493441985365044,0.010934785677986012,0.007578440959128509
2022-03-09,1.5531572149839736,0.002458028448061541,0.00800165724353159
2022-03-10,1.5452760224440798,-0.005087222433376383,0.009068577208133631
2022-03-11,1.5274208836494958,-0.011621933638953254,0.012206936401497386
2022-03-14,1.5008866153754843,-0.017524605649411065,0.011256147199418776
2022-03-15,1.5102109282611011,0.006193318253565372,0.009766883842242205
2022-03-16,1.5238352007831177,0.008980986786693092,0.011340455387861336
2022-03-17,1.5042768678577814,-0.01291801919126724,0.012077401760597245
2022-03-18,1.5073375019938378,0.0020325545132137417,0.011854287398949838
2022-03-21,1.5027274646020088,-0.003063084051311183,0.008647308837529937
2022-03-22,1.5099520683505872,0.004796140789946911,0.008426805365587228
2022-03-23,1.5051772512332409,-0.003167241337111239,0.006765142535188982
2022-03-24,1.4838600043103312,-0.014263862594632245,0.007291378196211982
2022-03-25,1.4952936271196997,0.0076757900805353215,0.0085428489936444
2022-03-28,1.5095784784489221,0.009507864853570157,0.009768204649690785
2022-03-29,1.5087301373157507,-0.0005621301619585663,0.009526165911269164
2022-03-30,1.5175495614441812,0.0058285749992180004,0.009665148790506232
2022-03-31,1.5450972165726,0.017989928369619105,0.006711256808713297
2022-04-01,1.5425938004574729,-0.0016215461002168105,0.008015317412732693
2022-04-04,1.5527323242469833,0.0065508832595556465,0.007819565669688998
2022-04-05,1.5540158072296155,0.0008262549787333267,0.007564895319508947
2022-04-06,1.5734901604311258,0.01245376034577972,0.008106822175763199
2022-04-07,1.5817356636079543,0.0052265811748264555,0.005449561467717092
2022-04-08,1.5772893103206784,-0.002815018089548178,0.005809237749468152
2022-04-11,1.5761058627156592,-0.0007505863335489529,0.006060879735260665
2022-04-12,1.57287266268744,-0.0020534920376820845,0.006442497716063682
2022-04-13,1.565020471106356,-0.005004764430270462,0.003848481140331107
2022-04-14,1.5359304372232803,-0.01876255905186541,0.007366707032358187
2022-04-15,1.531106637707502,-0.003145578860260158,0.007333763978842469
2022-04-18,1.5479242502191797,0.010924073429709281,0.010552524536036771
2022-04-19,1.579826320391182,0.0204000771904704,0.015154064330605612
2022-04-20,1.5737792859551472,-0.0038350019641831133,0.01504912391217783
2022-04-21,1.5684988838470086,-0.00336087818658619,0.01099251187011373
2022-04-22,1.5482342525918704,-0.013003947360335368,0.0132839546629434
2022-04-25,1.5592529300843094,0.00709172590228827,0.012756630954864037
2022-04-26,1.5569221069446455,-0.0014959516372736509,0.007158564146043062
2022-04-27,1.54664904351949,-0.00662018071872478,0.00735320187986002
2022-04-28,1.5435608951919466,-0.001998666379826242,0.007383791020067009
2022-04-29,1.5219770550894267,-0.014081833022982953,0.00774813474385554
2022-05-02,1.5501781034539563,0.018359645958056735,0.012027259368744535
2022-05-03,1.5254512841470054,-0.016079539470876234,0.013769056840639454
2022-05-04,1.542331052874819,0.011004652365392562,0.015144801241052731
2022-05-05,1.5201381041720485,-0.014493753939937877,0.01641901034382396
2022-05-06,1.5036131299340867,-0.01093022373721879,0.015943628276420457
2022-05-09,1.4897178232825847,-0.009284243326167277,0.010941328683891619
2022-05-10,1.4985523379728836,0.0059128123980949,0.011274943358812885
2022-05-11,1.5077285046350466,0.006104682589567828,0.009810588143779693
2022-05-12,1.5148094332996194,0.004685427785573568,0.008622391053719779
2022-05-13,1.541258711433346,0.017309783218906093,0.009456586719963519
2022-05-16,1.5544911376260866,0.008548821723908112,0.005113608147778863
2022-05-17,1.5738563227494422,0.012380614829630347,0.005109694502153496
2022-05-18,1.6022516940040694,0.01788108444633593,0.005661483398944701
2022-05-19,1.6064305202031894,0.002604700797859647,0.006379321591964839
2022-05-20,1.6293469498193927,0.014164640791462799,0.0058243550568832375
2022-05-23,1.646936191670824,0.0107374180333467,0.00566320352919563
2022-05-24,1.6513113284114618,0.002653008472033419,0.00685384186745103
2022-05-25,1.6433863589257216,-0.004810750801429021,0.007489674604072864
2022-05-26,1.6286456024407248,-0.00901021529435921,0.009868761883978705
2022-05-27,1.6249487218777965,-0.002272491150020678,0.007588821448187054
2022-05-30,1.6365531844737398,0.0071160538293206,0.006308101947552371
2022-05-31,1.6390871392572814,0.0015471511146321988,0.006153894859569107
2022-06-01,1.6273036498553315,-0.007215021888066855,0.006559212322002522
2022-06-02,1.6533935022976998,0.015905401353121528,0.008912723671416756
2022-06-03,1.6999018931088792,0.027740695535629724,0.013424954411262494
2022-06-06,1.7316364882399955,0.018496368882412326,0.01397513760418791
2022-06-07,1.7063781532721272,-0.014693823067853025,0.018089083526068625
2022-06-08,1.7184022501052618,0.0070218494748549975,0.016096983767225077
2022-06-09,1.7056875261468694,-0.0074266641528696,0.0175934055426139
2022-06-10,1.6798261452708028,-0.01527796749510493,0.014728154129634767
2022-06-13,1.6764695052873138,-0.0020002058531650084,0.009329197202169005
2022-06-14,1.7061136730587056,0.017527980936209924,0.012738761075788538
2022-06-15,1.7348759576322754,0.016717838497502063,0.014672104715728428
2022-06-16,1.7736921800296463,0.022127434690648543,0.015875072061067357
2022-06-17,1.7948987385258008,0.011885255897846538,0.009267782402744597
2022-06-20,1.8750420373501886,0.04368247181973561,0.012445888624454284
2022-06-21,1.8801093711856185,0.0026988722211015144,0.015327001279458857
2022-06-22,1.8784486861152805,-0.0008836820680102777,0.01790758631422883
2022-06-23,1.839821839414356,-0.020777528716569293,0.023564789696948436
2022-06-24,1.8828494831844704,0.023117571371664612,0.024620427283169537
2022-06-27,1.865327257954927,-0.009349800762944803,0.016249728290147397
2022-06-28,1.8444877039604255,-0.011234939430707705,0.016638602380706698
2022-06-29,1.8800585119220574,0.019101328014646604,0.019649964457848973
2022-06-30,1.926205446659365,0.02424907809102901,0.0178877679707681
2022-07-01,1.9746313035123575,0.02482972134861891,0.018234390879998872
2022-07-04,1.9865301397817798,0.006007769301379481,0.015322334770168599
2022-07-05,1.9818483921749892,-0.002359527822849947,0.012033197094428308
2022-07-06,1.983162779170764,0.0006629928578357882,0.013005132950580119
2022-07-07,2.01195987561542,0.014416376005224187,0.011034026391517732
2022-07-08,2.052994433522132,0.02019011714437676,0.009416143689804944
2022-07-11,2.073039374294453,0.009716400498251586,0.009387315993334153
2022-07-12,2.148018470602935,0.03552994844260658,0.013001327109661665
2022-07-13,2.1836668808264634,0.01645974356830323,0.009848333989606805
2022-07-14,2.163400290309599,-0.009324326749700226,0.016347454658968804
2022-07-15,2.1880937848890936,0.01134955453055458,0.016055591343099893
2022-07-18,2.241797429824906,0.024247221189919958,0.01667326486678068
2022-07-19,2.3093672890794754,0.029695618058740176,0.015060532306631083
2022-07-20,2.3671447865277324,0.024710911267251542,0.01576644024944008
2022-07-21,2.3624984574262196,-0.0019647700076092394,0.012873447302963184
2022-07-22,2.336588638368651,-0.011027708618305387,0.018327416322903252
2022-07-25,2.343461855434601,0.0029372426714395763,0.017558114191644124
2022-07-26,2.409157938089066,0.027648021667070102,0.016964814729257968
2022-07-27,2.4023889643705054,-0.002813639073406777,0.014686244456340975
2022-07-28,2.443038900470044,0.016779071295608138,0.015486659648267568
2022-07-29,2.451827096000529,0.00359078470362289,0.01236797867595119
2022-08-01,2.420215172799754,-0.012977049494283797,0.016026900085532925
2022-08-02,2.3924134195697695,-0.011553795173447276,0.01219131292381691
2022-08-03,2.3995360468136617,0.0029727494161704564,0.012297152326912126
2022-08-04,2.461341061311995,0.02543094344175718,0.01548561180184115
2022-08-05,2.487240232622586,0.01046740722057546,0.01601485364269977
2022-08-08,2.4996671402826047,0.004983823621697622,0.013367804955679366
2022-08-09,2.4858486247275002,-0.005543478987336841,0.011479895854584426
2022-08-10,2.506107550390589,0.0081166725725994,0.011181175360333502
2022-08-11,2.5557452717616087,0.019613099905773493,0.009115545582590511
2022-08-12,2.6288333877885495,0.028196296378077232,0.013115505133363677
2022-08-15,2.669542389922358,0.015366899189228069,0.012726526221767695
2022-08-16,2.704822130978045,0.013129086309518976,0.007561134781058556
2022-08-17,2.695532665015112,-0.0034403203034666006,0.011599479323312865
2022-08-18,2.7013299000191693,0.002148373120109388,0.012310133239318385
2022-08-19,2.719161289882645,0.006579276143366237,0.007745808806625305
2022-08-22,2.7310735089056415,0.004371275158240165,0.006069665811430757
2022-08-23,2.7307303213225262,-0.0001256682203295682,0.0038950818691074356
2022-08-24,2.734406966355965,0.0013454906600037578,0.0026377672103773046
2022-08-25,2.7276871790358124,-0.002460518083906633,0.003585350351126625
2022-08-26,2.718735366215271,-0.0032872296657783934,0.003073650288728286
2022-08-29,2.7748057736713294,0.020413919980227683,0.009809960873536501
2022-08-30,2.809476377710403,0.012417370250839277,0.01034344721390947
2022-08-31,2.775572453609963,-0.012141108017126586,0.013138973279543118
2022-09-01,2.7331847618799334,-0.015389506797793646,0.015533493830961493
2022-09-02,2.66886282492955,-0.023815035293623277,0.019064117065644662
2022-09-05,2.642808601568693,-0.009810257535102368,0.013479081578624432
2022-09-06,2.6703082270726815,0.01035169071428452,0.01263511269624757
2022-09-07,2.678773315372626,0.003165064992729423,0.013832813262773662
2022-09-08,2.698632882910259,0.007386333520904243,0.014166502973422125
2022-09-09,2.724912383954102,0.009690969806704131,0.008299033493118812
2022-09-12,2.6859743091120003,-0.014392741604246565,0.01025063936200492
2022-09-13,2.666534697392476,-0.007263770007349037,0.010222571355110644
2022-09-14,2.687741724076783,0.0079215699422906,0.010827086153974878
2022-09-15,2.6214181359877515,-0.02498588863636879,0.014767596305614685
2022-09-16,2.560610155884959,-0.02346987238017417,0.013456016092585213
2022-09-19,2.5215240197736395,-0.015382083759809768,0.013499148613173764
2022-09-20,2.5229118712345593,0.0005502504247940766,0.014677472154525957
2022-09-21,2.5360062906540297,0.005176778213671303,0.013815448409712789
2022-09-22,2.5558419729827326,0.007791191583676264,0.013664628148266087
2022-09-23,2.521375993101405,-0.013576927185158617,0.01073618092541231
2022-09-26,2.4592090324401514,-0.02496501479869761,0.013875806823621288
2022-09-27,2.4660612283280336,0.0027824667260758205,0.014132747357719473
2022-09-28,2.3848374955204252,-0.03349124747080644,0.017622702449581223
2022-09-29,2.4106676958065885,0.010772775363791244,0.018500738616076588
2022-09-30,2.336520649590443,-0.031240840383025745,0.020525496053806522
2022-10-03,2.364663654655921,0.011972872975930464,0.022679329608333264
2022-10-04,2.3449969084391324,-0.008351710390967756,0.021909024057487896
2022-10-05,2.3811934935584222,0.015317746337543715,0.019617015826932392
2022-10-06,2.4934549492975324,0.04606744871289895,0.028800659776743034
2022-10-07,2.4407311521163653,-0.02137163166000113,0.025719120878979863
2022-10-10,2.4392107577868525,-0.0006231198677270922,0.0259376588068732
2022-10-11,2.352034437756688,-0.0363938552247022,0.03215857153150716
2022-10-12,2.338103989498347,-0.005940331799862425,0.031114500586037343
2022-10-13,2.346002393357546,0.0033724303845903366,0.016470953731405665
2022-10-14,2.34943358496684,0.001461501013273997,0.01645463033975148
2022-10-17,2.3264272272520232,-0.009840559543264743,0.015983707078247873
2022-10-18,2.338992638944839,0.005386628614828757,0.00648971757592254
2022-10-19,2.274495691294709,-0.027961986828714116,0.01386615632550845
2022-10-20,2.318649729344678,0.019226649355887332,0.01769192621262943
2022-10-21,2.302124903192474,-0.007152435647026457,0.017647871569889586
2022-10-24,2.2651889886301166,-0.016174373239278537,0.01837800014066092
2022-10-25,2.3097469854276342,0.0194797942739567,0.021284405713975076
2022-10-26,2.3088040498414952,-0.00040832529165082926,0.015947043801134608
2022-10-27,2.3676412495649957,0.025164543080185862,0.01759411885268582
2022-10-28,2.4113505261079067,0.0182927686176003,0.017170999231820853
2022-10-31,2.4039799093255985,-0.0030613153707204073,0.01274366992241457
2022-11-01,2.3959422946830133,-0.0033490635112849495,0.013417867822567554
2022-11-02,2.3848014725918687,-0.0046607150688097,0.014145815063959769
2022-11-03,2.434141176722867,0.0204781139514067,0.012677075963719057
2022-11-04,2.4635902720111194,0.012025751310838396,0.01134029597865036
2022-11-07,2.4620200831636927,-0.0006375611497426073,0.010994203689628373
2022-11-08,2.4468073869874734,-0.006198117562876741,0.011578584590624611
2022-11-09,2.4371068245083607,-0.00397245930850526,0.011450267551386511
2022-11-10,2.4921280783263633,0.022325387288209864,0.012111880690224178
2022-11-11,2.5087010378326577,0.0066281089773959296,0.011522885050208959
2022-11-14,2.4784120044254463,-0.01214707009119594,0.013558173301294085
2022-11-15,2.4507549040303678,-0.011221933097600365,0.014414389883168318
2022-11-16,2.4169902983024687,-0.013873013418776454,0.015768310212717407
2022-11-17,2.378623485245309,-0.016001134951037204,0.009101089288278255
2022-11-18,2.36552526590222,-0.005521855789732072,0.003930826532637706
2022-11-21,2.398003917833014,0.013636593365265877,0.011972075472481655
2022-11-22,2.428252505665096,0.012535174784890633,0.014186769293142802
2022-11-23,2.483837482603537,0.022632871067128576,0.0157559804566655
2022-11-24,2.413973062204814,-0.02853077262208028,0.02034886760641191
2022-11-25,2.411093807301333,-0.0011934571367003502,0.019987190019908896
2022-11-28,2.410824991188032,-0.0001114975696662124,0.01922974579602966
2022-11-29,2.405697982166155,-0.002128926192890706,0.018130116552159344
2022-11-30,2.4161392171876197,0.004330818693962203,0.013095841991825488
2022-12-01,2.408438223363716,-0.0031924040847716743,0.002909583289864178
2022-12-02,2.360802351007135,-0.019976956837791996,0.009269660671930961
2022-12-05,2.3814106512783195,0.008691482222978608,0.01093115343224755
2022-12-06,2.399118217571733,0.00740823777647612,0.011799892580485924
2022-12-07,2.4003302805704405,0.0005050842924740959,0.011525303986400637
2022-12-08,2.372046389820554,-0.011853306585744192,0.012488952324841566
2022-12-09,2.3515451774491267,-0.008680403802413219,0.009266093930206797
2022-12-12,2.3504136066663044,-0.00048131889564440744,0.007695584866897209
2022-12-13,2.372001213540079,0.00914267723972609,0.008277720958888464
2022-12-14,2.408252391031039,0.015167342759277298,0.01148419996987656
2022-12-15,2.399758251170965,-0.0035333319034527287,0.00967885403395493
2022-12-16,2.416817079545263,0.007083414471828537,0.007526754566502169
2022-12-19,2.440544697940614,0.009769833178887513,0.006865552707111978
2022-12-20,2.4853900506620112,0.018208358015989582,0.008420292494844975
2022-12-21,2.5032332034971443,0.007153568436596336,0.007771256254359195
2022-12-22,2.434821809201724,-0.027709602820719638,0.0177065101923963
2022-12-23,2.439822323226525,0.002051643419697442,0.017551696744197764
2022-12-26,2.4159380852904,-0.009837565509085915,0.017542725727670107
2022-12-27,2.3667821561383744,-0.020556360237969338,0.014699808132388538
2022-12-28,2.3345174443700367,-0.013726084733573344,0.011247059132665096
2022-12-29,2.3413973668953156,0.0029427086539072153,0.010179051887070545
2022-12-30,2.303309745117595,-0.01640080832227245,0.008976989162181852
2023-01-02,2.339590345944907,0.015628740053341014,0.015220375431357082
2023-01-03,2.370835545091076,0.013266595478706442,0.014880573859662294
2023-01-04,2.375185513696575,0.001833101779239222,0.012665045092390977
2023-01-05,2.3502686685537792,-0.01054589680084324,0.014150640327145393
2023-01-06,2.321295742084998,-0.012404109376169727,0.013005743000223752
2023-01-09,2.3334430514056863,0.0052193420234902,0.010843175506692497
2023-01-10,2.2881340068948037,-0.01960824006325296,0.010344447049899735
2023-01-11,2.300360860427872,0.005329365216986554,0.01118349782611151
2023-01-12,2.2834160022785372,-0.007393438138357535,0.010978449149986249
2023-01-13,2.2734986924255938,-0.004352649182516224,0.010333930274244155
2023-01-16,2.2548333263839804,-0.008243861834383304,0.008938463132173257
2023-01-17,2.239653474427885,-0.006754902327473242,0.005564979088600739
2023-01-18,2.2308241832449274,-0.003950048893769933,0.001895122044117317
2023-01-19,2.216889976677142,-0.006265803806251877,0.001771585281447915
2023-01-20,2.2395281640153253,0.010159900330724307,0.007522430188497696
2023-01-23,2.2481688650066016,0.0038508444813198563,0.007361931385678662
2023-01-24,2.2499371309907734,0.0007862269483348266,0.006506469549541211
2023-01-25,2.2696557999415576,0.008725915970559259,0.006605135284587599
2023-01-26,2.2150227560491147,-0.02436551295896657,0.014038772725809182
2023-01-27,2.2132151716038324,-0.0008163899841016779,0.012825717591978446
2023-01-30,2.2570368206427536,0.01960652460628673,0.016220516797879676
2023-01-31,2.29993326675118,0.018827296380318565,0.018116043872932204
2023-02-01,2.3257593539651387,0.011166481513696045,0.018293894285371346
2023-02-02,2.3283795566649648,0.001125966812321072,0.009582644317672539
2023-02-03,2.3041989848584343,-0.010439452323860683,0.01273987487176002
2023-02-06,2.2797221210811482,-0.01067954524034043,0.01307150586517266
2023-02-07,2.2813847398318137,0.000729041820332748,0.009170748861463837
2023-02-08,2.2683900031374438,-0.005712270502764298,0.005759806460108261
2023-02-09,2.279762122019907,0.005000774938379366,0.006930907014175436
2023-02-10,2.3179203489014846,0.016599277258784465,0.010496519942936194
2023-02-13,2.3228899521326727,0.0021416971642458384,0.008184065904265942
2023-02-14,2.2841031863793653,-0.016838610801274138,0.012460094671682685
2023-02-15,2.238044569413615,-0.020370944165494776,0.015551273618159054
2023-02-16,2.25277261010838,0.006559204220466384,0.015758280071852274
2023-02-17,2.2565855973752664,0.0016911445044711512,0.012299882293840618
2023-02-20,2.2784533466594437,0.009643982792873797,0.013809309743646565
2023-02-21,2.27285969998667,-0.002458037683552829,0.011779608381851943
2023-02-22,2.276665144777697,0.0016728980754530953,0.00472189531634232
2023-02-23,2.2507322622513954,-0.011456103283394367,0.007677646195525564
2023-02-24,2.2505528509433015,-7.971559395917491e-05,0.007610229276734205
2023-02-27,2.2284750449653394,-0.009858382353654455,0.0058926281246087136
2023-02-28,2.1746744942907883,-0.024438519667433305,0.010469696757802927
2023-03-01,2.1942623266595644,0.008966924640572712,0.012592318630284682
2023-03-02,2.176089436916404,-0.008316490510901392,0.012414849598082768
2023-03-03,2.190727000657857,0.006704022838204704,0.013636014366559713
2023-03-06,2.177963829756915,-0.005843035228958697,0.013423539161491775
2023-03-07,2.172850999166781,-0.0023502875413991243,0.007649147782432746
2023-03-08,2.1460991191384893,-0.012388298743327515,0.007223698423219595
2023-03-09,2.1648914112262685,0.008718372721447203,0.00878585910148127
2023-03-10,2.1652471399457167,0.00016430362033207816,0.007774940722132717
2023-03-13,2.1369041716327435,-0.013176374482025136,0.009167907207684636
2023-03-14,2.1220986714154164,-0.006952594493413705,0.009216067451910193
2023-03-15,2.122827133981385,0.0003432156916350717,0.008281527831873445
2023-03-16,2.1454909200867602,0.010619639311569729,0.008925671243057294
2023-03-17,2.130323523240751,-0.00709453633438499,0.009114557681537624
2023-03-20,2.148795794107154,0.008633732430417318,0.00836581726528601
2023-03-21,2.1866588214169522,0.017467137051582905,0.009529411664600519
2023-03-22,2.172361860732837,-0.006559735772441665,0.010947274498625693
2023-03-23,2.177340760703758,0.002289306915322053,0.010426125152277194
2023-03-24,2.1514897312627768,-0.011943797199535996,0.01173689077135924
2023-03-27,2.142324881233966,-0.004268868022340939,0.011318461276970653
2023-03-28,2.1529372134938076,0.00494142318667283,0.0068054673163810775
2023-03-29,2.161114512275269,0.0037910109079734365,0.007062555130187517
2023-03-30,2.161019821172681,-4.3816825344879424e-05,0.006861971526930479
2023-03-31,2.1573978006032655,-0.0016774762128112274,0.00381852376862739
2023-04-03,2.2036781061378727,0.021225057285342925,0.009119371559750032
2023-04-04,2.1849716378888346,-0.008524982685585448,0.011143794716117351
2023-04-05,2.2252859100954456,0.01828255819016093,0.013124413949557484
2023-04-06,2.194217723205267,-0.014059813616507358,0.015901560532778292
2023-04-07,2.174121280192207,-0.009201018865769607,0.01679168088394662
2023-04-10,2.127860852881519,-0.021507393141981062,0.015055590375907629
2023-04-11,2.1357932791919856,0.0037209563520504726,0.015727015791970656
2023-04-12,2.1192000243250497,-0.007799466555884129,0.009251777415465194
2023-04-13,2.101527612690271,-0.00837415556266135,0.00893664726173849
2023-04-14,2.063693708480794,-0.01816707533796788,0.009924296414200395
2023-04-17,2.073927078325961,0.004946509715725759,0.009585031283635831
2023-04-18,2.0685778671975057,-0.0025825987763388003,0.008479911348215026
2023-04-19,2.0998967195667206,0.015026811868347801,0.012652723005201864
2023-04-20,2.059700947058425,-0.01932736142898963,0.014829872832271503
2023-04-21,2.059319911014579,-0.0001850129232466668,0.012546151783189718
2023-04-24,2.0373968085587704,-0.010702869264805353,0.0128203502903588
2023-04-25,2.0326963136832332,-0.0023097736705988354,0.012826098694118104
2023-04-26,2.0224565241647285,-0.0050502714407948575,0.007690779731570109
2023-04-27,2.0449717472799764,0.011071100255511352,0.008026422426901252
2023-04-28,2.05815413576886,0.0064255566222199256,0.008791823129997487
2023-05-01,2.0842279354028013,0.012588961393351968,0.007903938079907717
2023-05-02,2.0644428553971634,-0.00953810557621426,0.0098841639763761
2023-05-03,2.079330467603832,0.007185564992580738,0.008819326368524826
2023-05-04,2.079447688326066,5.6372673833547596e-05,0.008462860936775339
2023-05-05,2.06111033363219,-0.008857489490427096,0.009735707853691997
2023-05-08,2.0481014669786846,-0.006331584130498158,0.007071214950788259
2023-05-09,2.0404675660449922,-0.003734269737462471,0.006261655581784862
2023-05-10,2.033792885397074,-0.00327651444910302,0.0033600887706786535
2023-05-11,2.0187267173145145,-0.00743549148309203,0.002390614103220775
2023-05-12,2.0331179928834997,0.007103597060042974,0.005768877869619439
2023-05-15,2.037225787040198,0.0020184022644659507,0.005675215990937929
2023-05-16,2.084626068283674,0.02300052138989991,0.01180994363854385
2023-05-17,2.1165209141629284,0.015184166997070628,0.011741614309300085
2023-05-18,2.1095685427076023,-0.0032902179654290863,0.010457695288325505
2023-05-19,2.115448535267872,0.0027834189770036648,0.010805909267687517
2023-05-22,2.0866271972543906,-0.01371788221536028,0.014590405843349514
2023-05-23,2.0705236400815505,-0.007747439701510275,0.011046715955517039
2023-05-24,2.0402604957238712,-0.014724047823456585,0.007318672938078125
2023-05-25,2.0538453895848443,0.006636342146117404,0.009662644150136486
2023-05-26,2.1018785068606016,0.023117636122593058,0.016087137587284063
2023-05-29,2.0754818155766324,-0.012638144948698273,0.015884525839355595
2023-05-30,2.0237358725607977,-0.025248081843238793,0.019287107152539087
2023-05-31,2.003631493215378,-0.009983964470490195,0.018772949910612142
2023-06-01,1.984528861963163,-0.0095797438620718,0.01793964278116669
2023-06-02,2.0233719084067574,0.019383844501540032,0.016390297130580933
2023-06-05,2.052357922882316,0.014223957121935398,0.018586723674065088
2023-06-06,2.0872691574683344,0.016867249925473612,0.014687642042186226
2023-06-07,2.087108723437743,-7.686607932854515e-05,0.012461007881770734
2023-06-08,2.0907569185268433,0.0017464400864029438,0.008969421252356485
2023-06-09,2.0514249224384793,-0.018991526578900603,0.014253426304392627
2023-06-12,2.0522626689063794,0.0004082895985087388,0.012731893346799104
2023-06-13,2.0593520715713503,0.003448479557571669,0.009213177002776183
2023-06-14,2.0770287172274795,0.008546966135891025,0.0105374301927275
2023-06-15,2.082224980421778,0.0024986530159035714,0.01059111042471897
2023-06-16,2.0776499002413273,-0.0021996248235111823,0.003997465384886356
2023-06-19,2.074110962117382,-0.0017047894126726096,0.00437327912264909
2023-06-20,2.107084750468149,0.01577274742201682,0.007596187731688852
2023-06-21,2.071807348994197,-0.016884015511441263,0.0116894223223369
2023-06-22,2.092373511360116,0.009877731191149422,0.01259400519081912
2023-06-23,2.082886529053219,-0.004544386956370882,0.012783871946380506
2023-06-26,2.0362038975141243,-0.022667446223844655,0.016566814345005787
2023-06-27,1.9907993043633392,-0.022551021224255428,0.01397413378658816
2023-06-28,1.9717422469045434,-0.009618677376757923,0.013628796744093253
2023-06-29,1.9961393201921014,0.012297433949074014,0.014520472718315195
2023-06-30,2.0431005896840526,0.023253575736976693,0.020811326817472144
2023-07-03,2.0693725402308147,0.012776889779676968,0.01873535828605396
2023-07-04,2.131120680579735,0.02940254180939098,0.014869352052048994
2023-07-05,2.147356551479994,0.007589592256464208,0.008964015978280112
2023-07-06,2.195161616396507,0.02201809842310716,0.008722655489591247
2023-07-07,2.2008020332508,0.0025661813423132744,0.0108519523726511
2023-07-10,2.197848075933025,-0.0013431201339150413,0.013130949680918597
2023-07-11,2.200256898570512,0.0010953912616049554,0.009329147682121798
2023-07-12,2.128028741702548,-0.033378047797093295,0.019950752743026354
2023-07-13,2.1538440299893784,0.012058088809466877,0.017297899228561987
2023-07-14,2.125589494827623,-0.013204993400648428,0.017284671044695075
2023-07-17,2.0817741730549457,-0.020828675278387,0.017889282989434492
2023-07-18,2.0334163733728916,-0.02350317691681666,0.01714947043209708
2023-07-19,2.0149994448394377,-0.009098401156287244,0.014080572300732968
2023-07-20,2.0889696527376618,0.03605203541221232,0.024269674943942134
2023-07-21,2.1850310216957283,0.044959070722290766,0.032549733302149025
2023-07-24,2.117564156236931,-0.03136358082928234,0.03493497125154881
2023-07-25,2.0972179227899814,-0.009654777453540802,0.03274845416100347
2023-07-26,2.060044602122409,-0.017884033653529943,0.03398542275266402
2023-07-27,2.0948419133349234,0.016750457415417603,0.030401675327767642
2023-07-28,2.1161993995594672,0.010143652254386407,0.01984498090063035
2023-07-31,2.1128093368803404,-0.0016032425641798326,0.014125195824788538
2023-08-01,2.1321644549268095,0.00911913859750651,0.013550070935677044
2023-08-02,2.111715174813745,-0.009637143446588581,0.010480173818901671
2023-08-03,2.1736666769791095,0.028914958147843343,0.014531847251157968
2023-08-04,2.203747427789556,0.013743833045019808,0.014789463053256418
2023-08-07,2.2234586401181518,0.008904642012259593,0.013776487870532613
2023-08-08,2.141754368340312,-0.037438638071947854,0.025469387270740385
2023-08-09,2.1401348692757214,-0.0007564413986177941,0.024853277695229672
2023-08-10,2.2314004081219836,0.04176052400251243,0.028622180513222843
2023-08-11,2.3199851272008405,0.03893140089193391,0.03245261635015617
2023-08-14,2.2474833395343907,-0.03174970052013843,0.03757247138213963
2023-08-15,2.2229933416810583,-0.010956434665870195,0.03205873364838985
2023-08-16,2.1751050308444326,-0.02177768636423042,0.034674952720423195
2023-08-17,2.243551414691014,0.03098310993213602,0.03190635973580449
2023-08-18,2.2631566208228056,0.008700510284440615,0.025074870638366165
2023-08-21,2.2235136187775155,-0.01767191775680964,0.021904712332319654
2023-08-22,2.214148511815384,-0.004220745333722226,0.02142925669515353
2023-08-23,2.0856855160995087,-0.05977032463125925,0.03385927345628745
2023-08-24,1.996470465645103,-0.04371673156651595,0.02813648436735021
2023-08-25,1.9873718082262062,-0.00456778788589062,0.02478582990225141
2023-08-28,2.0231638652361,0.017849489550017444,0.03184992273417317
2023-08-29,1.9249180464392397,-0.04977916245537177,0.03309813176064486
2023-08-30,1.903040873535582,-0.011430326998040724,0.028193507172196278
2023-08-31,1.9649586889275898,0.03201815509658749,0.03131543280362303
2023-09-01,1.8993279042119395,-0.0339711326854604,0.0342628391742276
2023-09-04,1.9203118677840807,0.010987515018474095,0.0330306594859477
2023-09-05,1.9230205504824858,0.0014095492411770395,0.024659532986009168
2023-09-06,1.9965558226332598,0.037526454149420456,0.02850400248552328
2023-09-07,2.0059748424139086,0.004706540914244749,0.02560165136137708
2023-09-08,2.002457493360113,-0.0017549753429401608,0.015787840582379156
2023-09-11,2.0435027607774656,0.020290202077044427,0.01638543800129106
2023-09-12,1.9973352467604504,-0.02285145948844019,0.022802475496834926
2023-09-13,1.9782742385353747,-0.00958904759135062,0.016079019242436567
2023-09-14,1.9549233428006105,-0.011873886120992435,0.016101144059612514
2023-09-15,1.9397821009716028,-0.007775334144713273,0.016008078944745072
2023-09-18,1.9535018383971576,0.007047928911030044,0.010718029294487398
2023-09-19,1.9802928931443597,0.013621183005778683,0.011334887164101116
2023-09-20,1.9837406935919355,0.0017395419294802428,0.010466112368919226
2023-09-21,1.995513538044446,0.005917128244044766,0.007893668033644923
2023-09-22,2.0247238232399205,0.014531877901684451,0.005409898625295954
2023-09-25,2.0116601619165535,-0.006472975308931811,0.008725263264100613
2023-09-26,2.0339953650212377,0.011041686509891959,0.008213433412232272
2023-09-27,2.014298039373879,-0.009731251724966026,0.010700095633130282
2023-09-28,2.000853539730867,-0.006696907763164241,0.011325978803135638
2023-09-29,1.9615874143861725,-0.019819808639846875,0.011129620778426256
2023-10-02,1.9850824251703154,0.011906386547153943,0.013790160333155598
2023-10-03,1.9546614699551343,-0.015443419997390337,0.012207197056997595
2023-10-04,1.9760308363154564,0.010873187331776855,0.014684873654192803
2023-10-05,1.9632195984161807,-0.006504426808705801,0.014675748693753345
2023-10-06,1.9182223097332012,-0.023186901017573914,0.01564030571205871
2023-10-09,1.9359519934611218,0.009200314980556103,0.014964106733295417
2023-10-10,1.9800582831114006,0.022527088407073657,0.017726758331779648
2023-10-11,1.9919619480277075,0.005993776396159577,0.017285001487889667
2023-10-12,2.0094940921897377,0.00876293837815875,0.016836792047570028
2023-10-13,1.9842694585578122,-0.01263217951648454,0.012601697918074072
2023-10-16,1.986314817146502,0.0010302558150555592,0.012736814321712836
2023-10-17,1.96087034625227,-0.012892642371080015,0.010254302860447723
2023-10-18,1.9659971300895853,0.00261113306271553,0.009695762511331633
2023-10-19,1.940830811300074,-0.012883427304141623,0.008029748026001274
2023-10-20,1.985715917821347,0.02286337835696649,0.014685964721397134
2023-10-23,2.0039959280376265,0.00916363829778756,0.015248114526821958
2023-10-24,2.0207446181268307,0.008322915020270836,0.012921349691847552
2023-10-25,2.0431231739915887,0.011013538439379857,0.012914287052543737
2023-10-26,2.0569373369425423,0.006738542119956055,0.006471368960716304
2023-10-27,2.08079044138015,0.011529694535449131,0.001963906038988231
2023-10-30,2.0881919396955237,0.0035507495188119064,0.0032697296993593524
2023-10-31,2.1059728494295094,0.008478930682831372,0.003271568999223757
2023-11-01,2.1065150411036675,0.0002574211208395396,0.004364127160660254
2023-11-02,2.0884129275203445,-0.008630530050331757,0.007839989229866373
2023-11-03,2.0793815940539306,-0.004333873733721175,0.006666016727920858
2023-11-06,2.0795440768602473,7.813691287434443e-05,0.006359811082313639
2023-11-07,2.0814491547499827,0.0009156842690234422,0.004084719353982147
2023-11-08,2.1039937358796097,0.010772957488914386,0.007243666982661303
2023-11-09,2.1056171050947996,0.0007712681086152261,0.005541137542916441
2023-11-10,2.0973183595926153,-0.003949028652330528,0.005439132086795194
2023-11-13,2.08977928676728,-0.0036011011011733603,0.005942043283247767
2023-11-14,2.0727874773442525,-0.008164147155276783,0.007217853856522062
2023-11-15,2.056054474989244,-0.00810546596808186,0.0037169560946224704
2023-11-16,2.0375838621340354,-0.009024118243805885,0.0025790260364129307
2023-11-17,2.0606284960902217,0.011246306843398049,0.008528479389973882
2023-11-20,2.0419695214424727,-0.009096237663965577,0.008886530886321317
2023-11-21,2.019686954115421,-0.010972267601542017,0.009247241451326558
2023-11-22,2.0234052831016425,0.001839349595004023,0.00952870573089595
2023-11-23,2.028664333694514,0.0025957370149630337,0.009163559913430165
2023-11-24,2.039035091604439,0.00509908884417619,0.007366470316042908
2023-11-27,2.0263510472129527,-0.006240039748283728,0.006776056654183182
2023-11-28,2.033036154791145,0.0032936565491089127,0.004393979767506206
2023-11-29,2.059259451307314,0.012816110064643902,0.006802110002073925
2023-11-30,2.0870436870388973,0.013402132299725563,0.008041683059888323
2023-12-01,2.0781676615258418,-0.004261987306766687,0.009213381397189791
2023-12-04,2.0902443598747826,0.005794404236738976,0.007309373226482823
2023-12-05,2.1048965763644145,0.0069853558162139865,0.007125421572741422
2023-12-06,2.0869186194701306,-0.00857770024893785,0.008918044321935005
2023-12-07,2.0965231857666047,0.004591713530966252,0.0069117329580011
2023-12-08,2.0899946687063604,-0.0031188317256241136,0.00671411218866231
2023-12-11,2.0735784099726575,-0.00788569985097249,0.007116017474711829
2023-12-12,2.0751104302111654,0.0007385563811426362,0.005623476016558879
2023-12-13,2.0691830791675945,-0.0028604900071971416,0.004667833491374216
2023-12-14,2.0449204351848818,-0.011794999900428168,0.004887365858928674
2023-12-15,2.0290245357170336,-0.007803728450226509,0.004889401778098211
2023-12-18,2.0208978162815403,-0.004013277113403466,0.004806436776750947
2023-12-19,2.013223421420955,-0.0038047463952238132,0.0037229966683415367
2023-12-20,1.9883517733185407,-0.012431088848720257,0.004109883722309614
2023-12-21,1.986796737485096,-0.0007823787758068587,0.0044813718567828075
2023-12-22,1.9952518901490945,0.004246640943545887,0.006070714434076614
2023-12-25,1.9986555998859332,0.0017044513771819127,0.006443272827258606
2023-12-26,2.0136768977176245,0.007487598807063601,0.007618024532062785
2023-12-27,2.028112487655533,0.007143198194228721,0.003543886394661235
2023-12-28,2.0208652125422466,-0.0035798087267485414,0.004556023807681208
2023-12-29,2.0379815788773183,0.008434153186291005,0.005102567304712668
2024-01-01,2.0096925183360717,-0.013978161519225178,0.009751448875290124
2024-01-02,2.0083740441502558,-0.0006562729674251698,0.009074749375184113
2024-01-03,2.0389260449215656,0.015097759216222102,0.011203308399589995
2024-01-04,2.0294097972836704,-0.004678210139358924,0.011327203681626291
2024-01-05,2.021881620013644,-0.0037164376291258334,0.010569749390903296
2024-01-08,2.0346160515411116,0.006278555735221166,0.008262986444449005
2024-01-09,2.0607961257981815,0.012785248343413495,0.00913422057819658
2024-01-10,2.1009882314206787,0.019315443453412528,0.010390518602167909
2024-01-11,2.0546042370735647,-0.02232457639353302,0.016261314612450978
2024-01-12,2.055750857131511,0.0005579177766443736,0.015964582318591908
2024-01-15,2.1007577148038536,0.021656934411757624,0.01802488086663485
2024-01-16,2.131798551091374,0.014667917384246129,0.01821036995754
2024-01-17,2.083986593251782,-0.02268332291834066,0.02051949185448007
2024-01-18,2.1052232063138305,0.0101388070765993,0.0171998568989102
2024-01-19,2.0800565356835232,-0.012026423805580954,0.0188315103978154
2024-01-22,2.1068671718626564,0.01280701751782406,0.01687782774463781
2024-01-23,2.068531526330081,-0.018363143520093092,0.016444300971887586
2024-01-24,2.0571859860829527,-0.005499925194789327,0.013650975106212106
2024-01-25,2.0252306051024265,-0.015655449626159532,0.012460703495680207
2024-01-26,2.022876424218096,-0.0011631022266334484,0.012475186627252588
2024-01-29,2.059129772913651,0.017762982304188664,0.01435592970903521
2024-01-30,2.0708565875896956,0.00567887889590333,0.012492156483145023
2024-01-31,2.0627041918166538,-0.003944495691921063,0.012332304664818418
2024-02-01,2.038161542666977,-0.01196963946710964,0.011178725784041648
2024-02-02,1.986893285472805,-0.025475941179591115,0.01651666139647797
2024-02-05,1.9414567848615951,-0.023133644464933985,0.013064522399796519
2024-02-06,1.9521699257818692,0.005502925036830337,0.013005880572125794
2024-02-07,1.9955230710839453,0.021964670650855746,0.020130289952757143
2024-02-08,1.9817080089974541,-0.006947103334173267,0.01992097411229516
2024-02-09,2.015366855293072,0.016842137346407063,0.018298370678553184
2024-02-12,1.999561912371633,-0.007873128255361857,0.013534297038709824
2024-02-13,1.978612617005756,-0.010532212131576813,0.015419762070362192
2024-02-14,1.944585021018826,-0.01734730311663608,0.012961859509151689
2024-02-15,1.959432793595086,0.007606442833899117,0.01405170594436564
2024-02-16,2.0337188413792058,0.03721101832353473,0.02179407166966875
2024-02-19,2.0183857405727847,-0.007568005059827291,0.021760571093988674
2024-02-20,1.995869109946065,-0.011218454041821122,0.021860317180344906
2024-02-21,2.0453482768500297,0.024488481962652173,0.020705605307930166
2024-02-22,2.0232501081295267,-0.01086289868523092,0.022803696444787244
2024-02-23,2.030078507892214,0.0033692833072559514,0.01509575136925896
2024-02-26,2.060050093883602,0.014655833780639005,0.01570184880527339
2024-02-27,2.067601284869034,0.0036588358446805894,0.013302896872075547
2024-02-28,2.0995768164219824,0.015346672663038751,0.010678313969084302
2024-02-29,2.1424667240637167,0.02022203157758978,0.007556622688437022
2024-03-01,2.205743984055613,0.02910701971423249,0.009251607668691984
2024-03-04,2.1962721342410925,-0.004303421058782907,0.013262528854408349
2024-03-05,2.191801758537379,-0.00203751229331744,0.014437372075772888
2024-03-06,2.1714564367703186,-0.009325814934739966,0.016875727705802257
2024-03-07,2.1937618217735886,0.010219685622428832,0.015405709742638735
2024-03-08,2.1617262067605547,-0.014710724733701693,0.009343738962617256
2024-03-11,2.16277176832762,0.0004835528162859211,0.009551846923613185
2024-03-12,2.1623791245875923,-0.00018156302558111143,0.009637877073032647
2024-03-13,2.1480558193922756,-0.006645899126520746,0.009243956654215901
2024-03-14,2.1555113562729917,0.003464820710365577,0.0072623147412178915
2024-03-15,2.224875357197184,0.03167291111081846,0.014948212282604999
2024-03-18,2.2424090202983527,0.00784984865747313,0.014658517264615038
2024-03-19,2.2494728493820206,0.0031451561334687084,0.01430923058828535
2024-03-20,2.303719023652788,0.023828884254573857,0.01299596531424874
2024-03-21,2.3276631724745407,0.010340050180722166,0.01192306040721958
2024-03-22,2.383007184450787,0.023498378950512374,0.009427559591798999
2024-03-25,2.4242943197989684,0.017177266906754023,0.008879426836640635
2024-03-26,2.4325134761465996,0.0033845952070382474,0.008795728780088708
2024-03-27,2.3755328791181642,-0.02370329262798697,0.01829610184391869
2024-03-28,2.3078804903787997,-0.028892215767650914,0.023668142365277985
2024-03-29,2.235507532116036,-0.03186128070000325,0.021804523988814144
2024-04-01,2.2439627356379472,0.003775095293868242,0.017624457156018583
2024-04-02,2.199651733716967,-0.019944336323489884,0.014130248841802792
2024-04-03,2.2345017664044273,0.015719234928330435,0.02097528210216622
2024-04-04,2.261298660072527,0.011920996693762209,0.020815984401881697
2024-04-05,2.2596736392518477,-0.000718881153465513,0.01395194989420953
2024-04-08,2.216292312014248,-0.019384725506320814,0.01682613423452437
2024-04-09,2.2472965100646594,0.013892272753262514,0.014719413989380847
2024-04-10,2.2429199122422823,-0.0019493934352947113,0.013345055143551084
2024-04-11,2.2159505268734048,-0.012097106039717781,0.01262283409102507
2024-04-12,2.2442751643013468,0.012701159162951725,0.014755264279152571
2024-04-15,2.2589919286343907,0.006536062117171099,0.010889705773940352
2024-04-16,2.2572295378549647,-0.0007804714104320159,0.00936614562263536
2024-04-17,2.2545178014208824,-0.0012020782888317086,0.009315491908523604
2024-04-18,2.2408214625422653,-0.00609359180930669,0.007387685712085191
2024-04-19,2.2525946248324624,0.00524019543342029,0.0051630314111116874
2024-04-22,2.2292867301744312,-0.010401036053886968,0.005911506765860022
2024-04-23,2.2535587490870084,0.010828950591744458,0.008528693233004057
2024-04-24,2.2556361826835354,0.0009214211294664607,0.008527002066571442
2024-04-25,2.2769350772539365,0.009398220180189995,0.008528793750321487
2024-04-26,2.302175558639783,0.011024296648879592,0.009237906767003685
2024-04-29,2.321100965588544,0.00818705632696076,0.004159919115083102
2024-04-30,2.3388924610353734,0.00763588282852724,0.0038655505120773963
2024-05-01,2.3525195172352946,0.005809378749017109,0.0019508532482947424
2024-05-02,2.3378114027203147,-0.006271695100792976,0.00672160621535533
2024-05-03,2.3510408863776973,0.005642966742092579,0.00595882869466185
2024-05-06,2.371513104811822,0.008670031814399778,0.006042925148207258
2024-05-07,2.3848588831282744,0.005611761810850681,0.005827308371191044
2024-05-08,2.385178885051743,0.0001341716520917653,0.005912676573180951
2024-05-09,2.38417878471084,-0.00041938576420961625,0.003922879266750659
2024-05-10,2.38774584432767,0.0014950195397104443,0.003908080216589023
2024-05-13,2.4085593878142775,0.008679044860085779,0.003911293427207028
2024-05-14,2.3874069115502032,-0.00882100169177829,0.006231709241463056
2024-05-15,2.3460753651243755,-0.017463928024264608,0.010073303830585837
2024-05-16,2.3914788156412166,0.019168051248328072,0.014369278578658825
2024-05-17,2.392925893077643,0.0006049143283868262,0.014361106632147054
2024-05-20,2.4109973029718343,0.007523640325292989,0.014203691675842517
2024-05-21,2.391405838131498,-0.008159070760592933,0.014101279191124238
2024-05-22,2.3960324812986524,0.0019328268267125122,0.010073473808379512
2024-05-23,2.3946224750859733,-0.0005886486362433004,0.00564089323402063
2024-05-24,2.3969595787076723,0.000975504032194325,0.005648942234611842
2024-05-27,2.370301828429649,-0.011183791219797163,0.005889053972995907
2024-05-28,2.392610272512193,0.009367633390984465,0.007379244014611091
2024-05-29,2.41155978270139,0.007888816692883853,0.008185600476576422
2024-05-30,2.4061976767237794,-0.00222597681052253,0.008311423695109715
2024-05-31,2.413953736197733,0.0032181836226537887,0.008372460561199507
2024-06-03,2.4197757413292935,0.002408909300355907,0.004630159245044633
2024-06-04,2.443993398581292,0.009958473231839312,0.004801567158391951
2024-06-05,2.4468292906332,0.0011596790764809176,0.004457261944906239
2024-06-06,2.4687234204348654,0.008908163892508841,0.0040128387245481284
2024-06-07,2.5079467922104497,0.015763224115328444,0.00596509003519301
2024-06-10,2.570344857994464,0.024575668576522748,0.008710947999030605
2024-06-11,2.521180860048486,-0.019312688870861235,0.016678990993586683
2024-06-12,2.4914302737986445,-0.011870434308169153,0.018577029690600207
2024-06-13,2.490054790804203,-0.0005522381424653719,0.018383625180702662
2024-06-14,2.4719051608577867,-0.007315541062878103,0.016805998016486478
2024-06-17,2.4265731039923892,-0.01850915676059469,0.007868704981280335
2024-06-18,2.4142844752360904,-0.005077057092326831,0.00685006405178691
2024-06-19,2.406329481817483,-0.0033004097446614434,0.006919293720472919
2024-06-20,2.4451018925734087,0.015984245999558538,0.01246888974948927
2024-06-21,2.4671711512451897,0.008985415492909378,0.013367469470713201
2024-06-24,2.5129303816331263,0.01837734348249983,0.010794165772688035
2024-06-25,2.489972975494387,-0.009177697685454528,0.012026072066449414
2024-06-26,2.4559356215225776,-0.013764059996384586,0.014700044423396497
2024-06-27,2.476534031698156,0.008352217598185123,0.013502522376205861
2024-06-28,2.485123009113902,0.0034621441685182695,0.01306368888339528
2024-07-01,2.4551184959504235,-0.012147131701690315,0.009932743136485978
2024-07-02,2.4434898844868154,-0.004747729315677766,0.009621143230213803
2024-07-03,2.393206941752773,-0.020793014810632837,0.011729252344281745
2024-07-04,2.372991729106238,-0.008482791114051185,0.00896637902077934
2024-07-05,2.3808119727387074,0.003290102485215192,0.008908944451628435
2024-07-08,2.3737269226717097,-0.002980333305583927,0.008933528141652988
2024-07-09,2.3718030425260657,-0.0008108178707768863,0.009318524325671566
2024-07-10,2.3534534681930492,-0.007766632998395349,0.004912414171839884
2024-07-11,2.3237948093445326,-0.012682267270069662,0.006199697685257435
2024-07-12,2.3566939280488977,0.014058215874005055,0.010094550286108174
2024-07-15,2.3430440581230716,-0.005808795446573667,0.010238895028896996
2024-07-16,2.3265456043859185,-0.007066369245156216,0.010346920018150626
2024-07-17,2.310608080904387,-0.0068738658742666025,0.0102699199049836
2024-07-18,2.2702995284744816,-0.01759895472090172,0.011508688890070822
2024-07-19,2.233540226547878,-0.01632390146748912,0.005722420635970277
2024-07-22,2.268531317175341,0.015544753070589567,0.013286467960837212
2024-07-23,2.267012890124719,-0.000669567768695287,0.01351985071904093
2024-07-24,2.2886581250184137,0.009502616717228038,0.014919439902915313
2024-07-25,2.305768810757004,0.007448487084919027,0.012311298753429031
2024-07-26,2.3366081854475356,0.013286223144387804,0.006272227007227144
2024-07-29,2.3579240564842316,0.009081210407524496,0.0051592524466181145
2024-07-30,2.2992453993579294,-0.02520061297981179,0.01581122646308476
2024-07-31,2.3100874252847032,0.0047043883941089385,0.015445896587655591
2024-08-01,2.327585855433257,0.007546246631815618,0.015454792273507876
2024-08-02,2.345301822870648,0.007582485836264584,0.014588969601762543
2024-08-05,2.357209984435398,0.005064606961826254,0.014118020312711017
2024-08-06,2.3375139290659726,-0.008390768569389197,0.006673276930114952
2024-08-07,2.3431821734524996,0.002421967601899806,0.006631244202995854
2024-08-08,2.312246769565267,-0.013290229368085436,0.009045743646061309
2024-08-09,2.2808289826200925,-0.013680713603073907,0.008807789691202418
2024-08-12,2.2767596284011167,-0.0017857492844054529,0.007107741733230542
2024-08-13,2.273657110422487,-0.0013636194825450974,0.007437518965230398
2024-08-14,2.3019089188792767,0.012349146449505386,0.010702558512266255
2024-08-15,2.2916658593275487,-0.004459740843920575,0.009335601875539236
2024-08-16,2.2853125043724294,-0.00277622419462254,0.006789241006637737
2024-08-19,2.2852881959708524,-1.0636851989904245e-05,0.006692566516207367
2024-08-20,2.3254609078381407,0.01742611777834666,0.009775731377123578
2024-08-21,2.3555275254065173,0.012846445356609499,0.009877481753913649
2024-08-22,2.3991389904671245,0.018345214334893115,0.00991035546790597
2024-08-23,2.402254948557893,0.00129793912675357,0.008786765479607299
2024-08-26,2.3995867195209395,-0.001111335814885784,0.009107604304798957
2024-08-27,2.4339461459980853,0.014217346274655656,0.008526997985374292
2024-08-28,2.4117449767229178,-0.00916332636933861,0.011339177008289132
2024-08-29,2.3791646352492064,-0.013601109753507496,0.010724153090300819
2024-08-30,2.3967798921170913,0.00737669235712122,0.011464064155226465
2024-09-02,2.42860059570436,0.013189080089630845,0.012947657599279783
2024-09-03,2.4037117959408487,-0.010301080654495143,0.011960222629665722
2024-09-04,2.3971697248051815,-0.002725364146865835,0.011396802645780099
2024-09-05,2.427689070734816,0.01265104504440346,0.010252146201780225
2024-09-06,2.46695290296849,0.016043941385935706,0.011601683451703574
2024-09-09,2.474685265360905,0.003129475870014535,0.010841095368282856
2024-09-10,2.481750762740365,0.0028510414036838874,0.007724059463874216
2024-09-11,2.469841394038433,-0.004810328189131794,0.008368580641263458
2024-09-12,2.4680784852115365,-0.0007140289615489265,0.007818704115545541
2024-09-13,2.4601870673862085,-0.003202515970662438,0.0035467860594338204
2024-09-16,2.454062127481421,-0.002492727915680437,0.0029257808644535944
2024-09-17,2.4653003225076917,0.004568971971779985,0.0036106864698856995
2024-09-18,2.45678997482154,-0.0034580252098525754,0.0033241025003048993
2024-09-19,2.4726400112833034,0.006430800774067008,0.0047427979001047095
2024-09-20,2.49944182040411,0.010781024780587905,0.006052164250517827
2024-09-23,2.5020036436083024,0.0010244332150259185,0.005399206612592876
2024-09-24,2.4928109724730345,-0.003680889971340678,0.0063148998352377025
2024-09-25,2.5024211541871724,0.003847746541958875,0.005460181565526026
2024-09-26,2.492827774812996,-0.003841006246155956,0.0060655535021082565
2024-09-27,2.4763849763865697,-0.006617892717045461,0.004206414294504932
2024-09-30,2.4825771818430997,0.002497380894349541,0.0044997083012861825
2024-10-01,2.4925336093247052,0.004002500121651103,0.004889003700618374
2024-10-02,2.5518376185376974,0.02351402741310307,0.011802929273007474
2024-10-03,2.6099400114084066,0.02251350257727465,0.013269174165514208
2024-10-04,2.606843107420428,-0.0011872850686836405,0.011792711113342876
2024-10-07,2.648623381070063,0.015900074313696017,0.011086960449787558
2024-10-08,2.648366674751958,-9.692535405970083e-05,0.01202574782218879
2024-10-09,2.6512156088938355,0.0010751543287123974,0.010843524297966681
2024-10-10,2.611903478844494,-0.014938997393193614,0.010936725931686972
2024-10-11,2.584151693899279,-0.010681968495563268,0.011999676857326178
2024-10-14,2.5793300543028463,-0.0018675929278000102,0.007095277145529859
2024-10-15,2.5246731143347834,-0.021418101661556464,0.009261296303829384
2024-10-16,2.48945186168188,-0.014049044304876093,0.007144798267246056
2024-10-17,2.5076304779968672,0.007275724221213561,0.01112063060244249
2024-10-18,2.5130396014846608,0.002154742492537502,0.011847447245893575
2024-10-21,2.476013642423451,-0.014843152414933123,0.012245170976714332
2024-10-22,2.4514865028303747,-0.009955288255254692,0.010016354990882806
2024-10-23,2.478899096857503,0.011119972645093113,0.011147316993449905
2024-10-24,2.4921403899876893,0.005327386548437492,0.010821572999917319
2024-10-25,2.4767737061346478,-0.006185147315809332,0.010810381986071444
2024-10-28,2.4569744893761523,-0.008026077642861442,0.009245262370515622
2024-10-29,2.461081945659895,0.0016703579119171988,0.00797569382698037
2024-10-30,2.44958533409025,-0.00468230972250057,0.005645068023942785
2024-10-31,2.441303040886498,-0.0033868289299089907,0.003670975100548506
2024-11-01,2.455970663216848,0.005990135358915651,0.005528459630389085
2024-11-04,2.4755559773346945,0.007942942831144599,0.005563354763922657
2024-11-05,2.4494943674200647,-0.010583385488070767,0.007744677387538025
2024-11-06,2.423526762645525,-0.010657803396838233,0.008848208117420566
2024-11-07,2.4149239085576326,-0.00355604045098684,0.00885449535175305
2024-11-08,2.356788238779312,-0.02436800238538956,0.01178215500373924
2024-11-11,2.35230017092827,-0.0019061307919715843,0.008860280841798466
2024-11-12,2.377982165509852,0.010858652867708237,0.012903468951029864
2024-11-13,2.394476595911057,0.00691236819517831,0.013662767312912771
2024-11-14,2.4692611341323425,0.030754303260937286,0.020061954781351487
2024-11-15,2.543406102909514,0.02958519819898559,0.014396299598236744
2024-11-18,2.5912214796102697,0.018625210175802848,0.010748724990102541
2024-11-19,2.6953617234183835,0.03940303726081242,0.012543606014336952
2024-11-20,2.7504094325798425,0.02021736962417327,0.0084879906404473
2024-11-21,2.756761267694713,0.0023067517885792988,0.013809309859760506
2024-11-22,2.7958660280564036,0.01408537069070475,0.013422911906959718
2024-11-25,2.7924733556850865,-0.0012141971183778054,0.01618314188048018
2024-11-26,2.7959460465695045,0.0012428170047539518,0.009314094488231117
2024-11-27,2.7581870267463313,-0.013596938011123237,0.009874456809491424
2024-11-28,2.7809446430637506,0.00821708012163786,0.010470872104163344
2024-11-29,2.720767730600781,-0.021876575267820074,0.012100927444813898
2024-12-02,2.6602915044852393,-0.022478389437504173,0.013851979452722112
2024-12-03,2.670114820009253,0.0036857702946967953,0.014367859315795787
2024-12-04,2.6755989190511187,0.0020517750233046157,0.014868939948731083
2024-12-05,2.5923688640231757,-0.03160117324358258,0.015922949010171814
2024-12-06,2.5056427280583655,-0.03402679732251236,0.018183821345991915
2024-12-09,2.437691108768955,-0.027493955279533244,0.018728076213824867
2024-12-10,2.4247151048509368,-0.0053372894618469975,0.016478715016862183
2024-12-11,2.4559174574638205,0.012786366243477204,0.02022612833981445
2024-12-12,2.4596730798680104,0.0015280455548218833,0.019722364465070558
2024-12-13,2.4933144438981967,0.013584480562483462,0.016807013512174555
2024-12-16,2.540507716136122,0.018751021985100577,0.009862873394780652
2024-12-17,2.555563271217703,0.00590870846249739,0.006789626130359221
2024-12-18,2.588079246450533,0.01264333913983132,0.006777938228896902
2024-12-19,2.5959966694564116,0.003054518988596201,0.006290598532746217
2024-12-20,2.617954146811948,0.008422636858653777,0.006138739793274497
2024-12-23,2.642045157160649,0.009160145243049426,0.0035980900797266692
2024-12-24,2.6329466726397355,-0.0034496711416119046,0.006284028783675255
2024-12-25,2.668021666889807,0.013233622194531763,0.0064443314191391906
2024-12-26,2.613324214647238,-0.020714192648597477,0.013803120824162681
2024-12-27,2.575134346714959,-0.014721350158722307,0.014682809797669923
2024-12-30,2.558628203853071,-0.006430449237809694,0.012925982762508583
2024-12-31,2.6120680678114474,0.020671013728361318,0.017866795541336303
2025-01-01,2.685749663868034,0.027817622683851927,0.021676517603363154
